TCM_symptom_id,TCM_symptom_name,source,detail_url,old_definition,new_definition
64,不育,duguji,https://baike.duguji.cn/baike/w/%E4%B8%8D%E8%82%B2,,不育症指正常育龄夫妇婚后有正常性生活，在1年或更长时间，不避孕，也未生育，已婚夫妇发生不育者有15％，其中男性不育症的发病率占30％。生育的基本条件是具有正常的性功能和拥有能与卵子结合的正常精子。因此，无论是性器官解剖或生理缺陷，还是下丘脑-垂体-性腺轴调节障碍，都可以导致不育。
81,产后脱发,duguji,https://baike.duguji.cn/baike/w/%E4%BA%A7%E5%90%8E%E8%84%B1%E5%8F%91,,许多产妇会出现脱发现象。现代医学研究认为，产后脱发现象实属一种生理现象，它与产妇的生理变化、精神因素及生活方式有一定的关系。一般在产后半年左右就自行停止，所以不要过分紧张。
89,肠风下血,duguji,https://baike.duguji.cn/baike/w/%E8%82%A0%E9%A3%8E%E4%B8%8B%E8%A1%80,,肠风下血，病名。见《太平圣惠方》卷六十。即肠风，详该条。
90,肠功能紊乱,duguji,https://baike.duguji.cn/baike/w/%E8%82%A0%E5%8A%9F%E8%83%BD%E7%B4%8A%E4%B9%B1,,肠功能紊乱属中医“腹痛”、“泄泻”、“下利”等病症范畴，并与便秘密切相关。中医认为本病与饮食不节，过食生冷肥甘；或情志失调，肝气郁结；或劳倦太过，脾气受损；或年老体衰，久病脏虚，以致脾胃功能障碍等有关。临床可分为肝气乘脾、湿浊困脾、脾胃虚弱、脾肾阳虚等症型。
98,齿龈肿痛,duguji,https://baike.duguji.cn/baike/w/%E9%BD%BF%E9%BE%88%E8%82%BF%E7%97%9B,,所谓齿龈肿痛，实即牙齿根部痛，而且其周围齿肉肿胀，故称牙龈肿痛，也叫牙肉肿痛。牙龈肿痛主要是牙龈有炎症，牙龈下的炎症通过牙缝，牙结石，口腔死角进行多方位的传播，导致牙龈附着牙菌斑而导致牙龈肿痛。
103,虫毒,duguji,https://baike.duguji.cn/baike/w/%E8%99%AB%E6%AF%92,,虫毒指蛇虫等所带有的毒液或毒气，人体接触或被咬螫而致病者，在病因分类上将这类致病原因称为虫毒。常见者如蛇毒、蜂毒、蜈蚣毒、蝎毒等。
110,喘促,duguji,https://baike.duguji.cn/baike/w/%E5%96%98%E4%BF%83,,①义同喘息。可见于虚喘、实证。《景岳全书·杂证谟》列有喘促门。
92,肠胃不适,dayi,https://www.dayi.org.cn/symptom/1153428.html,,肠胃不适是一种腹部不舒服感受的统称。这通常包括胃痛、胃胀、恶心、呕吐、反酸、烧心、腹泻、便秘等症状。这些不适可能由多种原因引起，既包括饮食不当、腹部受凉、精神因素、药物因素等非疾病因素，又包括肠易激综合征、便秘、胃炎、胃食管反流等疾病因素。治疗的关键是明确病因，并针对病因进行治疗。
138,唇甲色淡,duguji,https://baike.duguji.cn/baike/w/%E5%94%87%E7%94%B2%E8%89%B2%E6%B7%A1,,唇甲色淡是指嘴唇和指甲的颜色发白，变淡。唇甲色淡是血虚的主要症状。血虚是指血液亏虚，血的营养和滋润功能减退，以致脏腑百脉、形体器官失养的病理变化。
171,大便燥结,duguji,https://baike.duguji.cn/baike/w/%E5%A4%A7%E4%BE%BF%E7%87%A5%E7%BB%93,,大便燥结，证名。大便干燥秘结。见《名医类案·秘结》。详大便秘结条。
163,大便酸臭,dayi,https://www.dayi.org.cn/symptom/1142445.html,,大便酸臭是由于食物中蛋白质没有完全被肠道吸收，而被细菌分解或者是脂肪、糖消化或吸收不良导致的大便有酸臭的气味，患者可自行发现或在粪便常规检查时发现。
185,巅顶疼痛,duguji,https://baike.duguji.cn/baike/w/%E5%B7%85%E9%A1%B6%E7%96%BC%E7%97%9B,,又称顶巅痛 证名。头顶部疼痛。又称巅顶痛。《丹溪心法·头痛》：“顶巅痛，宜藁本、防风、柴胡。”《医宗必读·头痛》：“太阳、厥阴巅顶痛，宜来复丹。”《证治汇补·头痛》：“巅顶痛属肾。”治用三才汤加牡蛎、龟板等。
203,毒蛇咬伤,duguji,https://baike.duguji.cn/baike/w/%E6%AF%92%E8%9B%87%E5%92%AC%E4%BC%A4,,毒蛇咬伤后引起发病的原因是由于毒腺中所分泌的蛇毒，主要为蛋白质，系多肽和多种酶组成。蛇毒可分为神经毒素和血液毒素。前者对中枢、周围神经、神经肌肉传导功能等产生损害作用，可引起惊厥、瘫痪和呼吸麻痹;后者对心血管和血液系统造成损害，引起心律失常、循环衰竭、溶血和出血。
204,毒蛇咬伤,duguji,https://baike.duguji.cn/baike/w/%E6%AF%92%E8%9B%87%E5%92%AC%E4%BC%A4,,毒蛇咬伤后引起发病的原因是由于毒腺中所分泌的蛇毒，主要为蛋白质，系多肽和多种酶组成。蛇毒可分为神经毒素和血液毒素。前者对中枢、周围神经、神经肌肉传导功能等产生损害作用，可引起惊厥、瘫痪和呼吸麻痹;后者对心血管和血液系统造成损害，引起心律失常、循环衰竭、溶血和出血。
213,多食,duguji,https://baike.duguji.cn/baike/w/%E5%A4%9A%E9%A3%9F,,儿童饭量无故突然增加要引起重视，专家告诫，如果你的孩子出现饭量突然增大，体重却未见增加，或者反而降低，孩子饮水的次数和量都有明显增加，抵抗力变得低下，皮肤明显粗糙或暗黑等反常症状时，应想到患糖尿病的可能，及时到医院就诊。
215,多饮,duguji,https://baike.duguji.cn/baike/w/%E5%A4%9A%E9%A5%AE,,多饮多由糖尿病引起，糖尿病 (diabetes)是由遗传因素、免疫功能紊乱、微生物感染及其毒素、自由基毒素、精神因素等等各种致病因子作用于机体导致胰岛功能减退、胰岛素抵抗(Insulin Resistance，IR)等而引发的糖、蛋白质、脂肪、水和电解质等一系列代谢紊乱综合征，临床上以高血糖为主要特点，典型病例可出现多尿、多饮、多食、消瘦等表现，即“三多一少”症状。
223,耳道流脓,duguji,https://baike.duguji.cn/baike/w/%E8%80%B3%E9%81%93%E6%B5%81%E8%84%93,,当外耳道或中耳出现炎症时，都可以出现耳道流脓的现象。中医把以耳膜穿孔、耳内流脓为主要症状的疾病，统称脓耳。
214,多涎,dayi,https://www.dayi.org.cn/symptom/1015462.html,,多涎（sialism）又称唾液分泌过多，是不正常的现象，它可因消化道疾病而产生，特别是口腔疾病。也可伴随全身疾病，可由特定的药物或毒素引起，吞咽困难也可导致唾液积聚。
229,二便失禁,dayi,https://www.dayi.org.cn/symptom/1142965.html,,二便失禁是指由于膀胱（或肛门）括约肌损伤或神经功能障碍而丧失排尿（或便）自控能力，使尿液（或大便）不能自主流出或排出的状态。临床表现为患者丧失控制大小便排出的能力，任何时间内均可排便，失禁时可以察觉或毫无知觉，可导致皮肤溃烂，反复尿路感染等。
253,泛吐清水,duguji,https://baike.duguji.cn/baike/w/%E6%B3%9B%E5%90%90%E6%B8%85%E6%B0%B4,,泛吐清水，证名。呕吐清水而无食物。见《古今医统·吞酸叙论》。
259,肺燥,duguji,https://baike.duguji.cn/baike/w/%E8%82%BA%E7%87%A5,,肺燥，指燥邪伤肺，或肺阴虚伤津化燥的肺燥证。主要症状有干咳，咯血，耳咽干燥，或咽喉焮痛，音嘶，口干而渴，舌体苔白而干等。
277,风疹瘙痒,duguji,https://baike.duguji.cn/baike/w/%E9%A3%8E%E7%96%B9%E7%98%99%E7%97%92,,病名。出《备急千金要方》卷八。指风邪侵袭，肌表出疹点，伴瘙痒之病候。属瘾疹。参见瘾疹条。
283,腹部不适,duguji,https://baike.duguji.cn/baike/w/%E8%85%B9%E9%83%A8%E4%B8%8D%E9%80%82,,==腹部不适的治疗和预防方法==
302,肝阳眩晕,duguji,https://baike.duguji.cn/baike/w/%E8%82%9D%E9%98%B3%E7%9C%A9%E6%99%95,,肝阳眩晕，病证名。因情志不舒，烦劳过度，肝阴暗耗，以致肝阳上僭引起的眩晕。证见时时头晕头痛、睡眠不宁，容易激动，脉弦。治宜平肝潜阳，用天麻钩藤饮。肝阴偏虚者，心烦少寐，舌红少苔，宜滋养肝肾之阴，用二至丸、杞菊地黄丸。见于高血压等疾病。
303,肝脏肿大,duguji,https://baike.duguji.cn/baike/w/%E8%82%9D%E8%84%8F%E8%82%BF%E5%A4%A7,,肝脏肿大十分常见。但它不是一个独立的病，而是许多疾病所共有的一种表现。各种感染性疾病，如病毒性肝炎、肝脓疡、血吸虫病、肝吸虫病、包囊虫病、疟疾、败血症、肝结核等;肿瘤，如原发性或转移性肝癌、白血病或淋巴瘤的肝脏浸润、肝血管瘤等;中毒，如酒精中毒、砷中毒或氯丙嗪中毒等;瘀胆，如胆总管结石、胰头癌、毛细胆管型肝炎;瘀血，如充血性心力衰竭、缩窄性心包炎等;其他如结缔组织病、糖尿病、脂肪肝、肝囊肿、多囊肝、肝豆状核变性等，都可导致肝肿大。
307,感冒夹惊,duguji,https://baike.duguji.cn/baike/w/%E6%84%9F%E5%86%92%E5%A4%B9%E6%83%8A,,感冒夹惊，病证名。见《医宗金鉴·幼科杂病心法要诀》。症见身热烦躁，面色青赤，神志不宁，睡卧不安。小儿神气怯弱，遭受外感后，又被外界异声异物所惊吓，或邪热刺激所致。初起，治宜清热散邪，用《医宗金鉴》疏解散；继用《小儿药证直诀》凉惊丸清热止惊。
337,咯吐不爽,duguji,https://baike.duguji.cn/baike/w/%E5%92%AF%E5%90%90%E4%B8%8D%E7%88%BD,,咯吐不爽是指痰不能完全吐出来或吐不尽不舒畅的感觉。咯：用力使东西从食道或气管里出来。
366,关节酸痛,duguji,https://baike.duguji.cn/baike/w/%E5%85%B3%E8%8A%82%E9%85%B8%E7%97%9B,,"在日常生活中,多数关节疼痛并不是由外伤所引起.关节长时间受凉和巨大的温差是导致关节疼痛的主要原因.尤其在秋天,冷暖交替之际,低温或巨大的温差会导致肌肉和血管收缩,引起关节疼痛。"
371,关节肿大,duguji,https://baike.duguji.cn/baike/w/%E5%85%B3%E8%8A%82%E8%82%BF%E5%A4%A7,,关节肿大多见于风湿性关节炎，风湿性关节炎属变态反应性疾病是风湿热的主要表现之一多以急性发热及关节疼痛起病典型表现是轻度或中度发热，游走性多关节炎，受累关节多为膝踝、肩、肘腕等大关节，常见由一个关节转移至另一个关节，病变局部呈现红肿、灼热、剧痛部分病人也有几个关节同时发病，不典型的病人仅有关节疼痛而无其他炎症表现，急性炎症一般于2-4周消退不留后遗症，但常反复发作。若风湿活动影响心脏则可发生心肌炎甚至遗留心脏瓣膜病变。
398,喉痒,duguji,https://baike.duguji.cn/baike/w/%E5%96%89%E7%97%92,,喉痒，病证名。系指因多种因素所致的咽喉作痒，或伴咽干咽痛的病证。见《太平圣惠方》卷三十五。本病之病因较为复杂。如风寒、风热之侵袭，胃家实热之熏蒸，阴虚火旺等。尽管如此，但各种病因最后都演化为火。因此，在临证时应辨明火之虚实，分别采用清胃泻火汤、知柏地黄汤等加减化裁治疗。
400,喉肿,duguji,https://baike.duguji.cn/baike/w/%E5%96%89%E8%82%BF,,喉肿，病证名。系指咽喉肿痛的病证。《焦氏喉科枕秘》卷一：“此证起于脾经，食煎炒油炽等物，及饮酒太过而行房事，以致毒气不能流行，聚结喉根，若不速治，毒闭即死。”详见咽喉肿痛条。
409,昏迷,duguji,https://baike.duguji.cn/baike/w/%E6%98%8F%E8%BF%B7,,"昏迷是由于大脑功能受到极度抑制而意识丧失和随意运动消失，而且对刺激无反应或出现异常反射活动的病理状态。值得注意的是，昏迷与嗜睡、昏睡是不相同的。昏迷是内科急症中常见的症状之一，约占急诊总人数的3%~5%，病死率高达20%，涉及多专业，多学科知识。由于昏迷患者无法提供病史及配合检查，给诊断、治疗带来一定的困难,这就需要临床医生详细询问送诊人员昏迷患者病史及认真体检，进行必要的辅助检查,才能在第一时间内做出正确诊治。"
426,肌肉疼痛,duguji,https://baike.duguji.cn/baike/w/%E8%82%8C%E8%82%89%E7%96%BC%E7%97%9B,,肌肉疼痛是一个很广泛的症状，很多疾病都可以导致肌肉疼痛，最常见的当属剧烈运动后引起的肌肉生理性酸痛，原因为肌肉局部无氧酵解产生过多乳酸，堆积在局部，刺激神经末梢从而产生酸痛。而疾病导致的肌肉疼痛见于下列疾病：
447,健忘,duguji,https://baike.duguji.cn/baike/w/%E5%81%A5%E5%BF%98,,健忘是指记忆力差、遇事易忘的症状。常见于老年人。
484,经前乳房胀痛,duguji,https://baike.duguji.cn/baike/w/%E7%BB%8F%E5%89%8D%E4%B9%B3%E6%88%BF%E8%83%80%E7%97%9B,,肝气郁结型［证见］经前乳房胀满疼痛而硬，甚则痛不可触衣；或阴中抽痛，或痛经或婚久不孕。经前常喜叹息，烦躁易怒，胸胁少腹胀痛。舌黯红或尖边红，苔薄白或微黄，脉弦或弦数。［治法］疏肝解郁，和胃消导。［方药］
481,经期腹痛,dayi,https://www.dayi.org.cn/symptom/1153284.html,,经期腹痛是指女性在月经期间出现的下腹部疼痛现象。这是一种较为常见的妇科症状，与前列腺素水平变化、盆腔器质性疾病等有关。一般来讲，通过采取积极的干预措施，可以使腹痛症状有效地减轻，从而提升患者的生活质量。
529,久嗽,duguji,https://baike.duguji.cn/baike/w/%E4%B9%85%E5%97%BD,,久嗽，证名。咳嗽经久不愈者。见《圣济总录》卷六十五。详久咳条。
562,渴,duguji,https://baike.duguji.cn/baike/w/%E6%B8%B4,,与渴有关的国家基本药物零售指导价格信息
573,口干,duguji,https://baike.duguji.cn/baike/w/%E5%8F%A3%E5%B9%B2,,口干症在临床上并不少见，尤其是老年人发病率更高。由于唾液分泌减少，患者感到口腔干燥，有异物感、烧灼感，在咀嚼食物，特别是较干燥的食物时，不能形成食团而影响吞咽。唾液分泌量少，对牙齿和口腔粘膜的冲刷作用也小，使口腔自洁作用变差。因而，口干症患者的患龋率较高。多数口干症患者的味觉也受到影响，不能有效地刺激食欲，而且会影响整个消化系统的功能。
575,口角流涎,duguji,https://baike.duguji.cn/baike/w/%E5%8F%A3%E8%A7%92%E6%B5%81%E6%B6%8E,,口角流涎，证名。口角自流清涎。
577,口渴,duguji,https://baike.duguji.cn/baike/w/%E5%8F%A3%E6%B8%B4,,口渴（thirsty） 口干想喝水。口渴的原因很多，如果说中枢系统出了问题，老会觉得渴，实际上不缺水，也没有出现口干的现象，但是中枢神经反应出来就是口渴要喝水。还有是免疫性的疾病，叫干燥综合症，不仅只是口渴，还包括各种粘膜的干燥，比如说眼睑结膜的干燥，到医院去检查。不要只做糖尿病的检查，尿崩症也会有异常口渴的状况。
580,口苦,duguji,https://baike.duguji.cn/baike/w/%E5%8F%A3%E8%8B%A6,,口苦，证名。口内有苦味，多由热蒸胆汁或胃热熏蒸、上溢所致。《灵枢·邪气脏府病形》：“胆病者，善太息，口苦。”《素问·痿论》：“肝气热，则胆泄，口苦。”口苦为伤寒少阳病主证之一。《伤寒论·辨少阳病脉证并治》：“少阳之为病，口苦咽干目眩也。”治宜和解，方用小柴胡汤加减。杂病亦多见此症。《景岳全书·杂证谟》谓凡思虑劳倦色欲过度者，多有口苦舌燥，饮食无味之证。其病在心脾肝肾，心脾虚则肝胆邪溢为苦。
579,口渴喜饮,duguji,https://baike.duguji.cn/baike/w/%E5%8F%A3%E6%B8%B4%E5%96%9C%E9%A5%AE,,烦渴多饮是由于抗利尿激素(即精氨酸加压素，简称AVP)缺乏、肾小管重吸收水的功能障碍，从而引起以多尿、烦渴、多饮是由于下丘脑―神经垂体部位的病变所致，但部分病例无明显病因，但以青年为多见。
609,冷喘,duguji,https://baike.duguji.cn/baike/w/%E5%86%B7%E5%96%98,,冷喘，病证名。阳气虚衰、内寒偏盛所致的气喘。《古今医鉴》卷四：“冷喘则遇寒而发。”可用止喘丸等方。参见寒喘等条。
613,冷泻,duguji,https://baike.duguji.cn/baike/w/%E5%86%B7%E6%B3%BB,,冷泻，病证名。外受风寒或内伤生冷所致的暴泻。《医学传灯》：“冷泻者，鼻吸风寒之气，口食生冷之物，皆能作泻，此暴病也。”治宜温中止泻，用香砂理中汤。参见寒泄、寒泻条。
622,两眼刺痛,duguji,https://baike.duguji.cn/baike/w/%E4%B8%A4%E7%9C%BC%E5%88%BA%E7%97%9B,,眼睛刺痛的原因很多，角膜疾病可以引起，正常的眼球表面覆盖着一层泪膜，它是维持眼表健康、舒适的基础。白领由于长时间盯着电脑，注意力高度集中，眼睑睁开得较大，泪液蒸发比平时增加，而同时眨眼次数大大减少，造成眼球表面泪液滋润不足，加上荧屏光线的辐射，因此容易出现眼睛干涩、刺痛。
637,流清涕,duguji,https://baike.duguji.cn/baike/w/%E6%B5%81%E6%B8%85%E6%B6%95,,鼻子流涕是鼻病的常见症状，不同的鼻病，可以出现不同颜色、性状的鼻涕。如果留意观察，可以从五颜六色的鼻涕中，找到某些疾病的信号。
638,流涕,duguji,https://baike.duguji.cn/baike/w/%E6%B5%81%E6%B6%95,,"［shed tears］ 流泪。涕,古代一般指眼泪,用“泗”指鼻涕。如“涕泗交流”。后来“泪”代替了“涕”,“涕”代替了“泗”,“泗”一般不再使用。"
647,麻木,duguji,https://baike.duguji.cn/baike/w/%E9%BA%BB%E6%9C%A8,,麻木，证名。肌肤感觉障碍。麻，肌肤蚁走感，或如触电感；木，皮肉不仁如木厚之感。由气血俱虚，经脉失于濡养，或气血凝滞，经络失畅，或寒湿痰瘀留阻脉络所致。《杂病源流犀烛·麻木源流》：“麻木，风虚病亦兼寒湿痰血病也。麻，非痒非痛，肌肉之内，如千万孑虫乱行，或遍身淫淫如虫行有声之状，按之不止，搔之愈甚，有如麻木之状。木，不痒不痛，自己肌肉如人肌肉，按之不知，掐之不觉，有如木之厚。”《医学准绳·麻木》：“麻属痰属虚；木则全属湿痰死血，一块不知痛痒，若木然是也。”《张氏医通·麻木》：“一块不知痛痒，阴寒益甚，或日轻夜重，脉涩而芤或弦，属痰挟死血，宜活血行气，二陈加芎、归、桃仁泥、红花、牛膝、韭汁之类。大便见黑而不作泻者，小剂桃核承气汤微利之。十指麻木，属胃中湿痰死血，二陈加二术、桃仁、红花、少加附子行经。湿热下流，两脚麻木，或如火燎者，二妙加牛膝作丸，不应，少加肉桂。”又治浑身麻木不仁，或左或右半身麻木，或面或头或手臂或脚腿麻木不仁，并用神效黄芪汤（见《张氏医通·痹》）。
659,慢性支气管炎急性发作,duguji,https://baike.duguji.cn/baike/w/%E6%85%A2%E6%80%A7%E6%94%AF%E6%B0%94%E7%AE%A1%E7%82%8E%E6%80%A5%E6%80%A7%E5%8F%91%E4%BD%9C,,慢性支气管炎（chronic bronchitis）是由于感染或非感染因素引起气管、支气管粘膜及其周围组织的慢性非特异性炎症。其病理特点是支气管腺体增生、粘液分泌增多。临床出现有连续两年以上，每持续三个月以上的咳嗽、咳痰或气喘等症状。早期症状轻微，多在冬季发作，春暖后缓解；晚期炎症加重，症状长年存在，不分季节。疾病进展又可并发阻塞性肺气肿、肺源性心脏病，严重影响劳动力和健康。
651,脉沉细,dayi,https://www.dayi.org.cn/symptom/1153742.html,,脉沉细是中医脉诊中常见的一种相兼脉象，其特征为脉搏的位置较深，需重按才能明显感知，同时脉道狭窄细小，状若丝线。这种脉象通常提示体内气血不足、阳气虚弱或存在寒邪、湿邪等病理变化，但也可能见于正常人。在临床上，需结合病史、其他症状进行综合分析，以作出准确的判断。
668,面赤,duguji,https://baike.duguji.cn/baike/w/%E9%9D%A2%E8%B5%A4,,面赤，诊断学名词。指一种色诊。赤为火热之色，属心。赤甚主实热，微赤主虚热。久病虚人，午后两颧发赤，为肝肾阴火上炎；赤色如妆，嫩红带白，游移不定，为戴阳证；肺病见赤色，多属阴虚火盛，灼伤肺阴；面赤耳鸣，头目眩痛，多属肝阳化火；赤而明润，为有胃气；枯槁晦滞多属危重证候。《素问·脉要精微论》：“赤欲如帛裹朱，不欲如赭。”
671,面黄,duguji,https://baike.duguji.cn/baike/w/%E9%9D%A2%E9%BB%84,,"诊断术语。色诊之一。黄为脾色。主虚，主湿。临床见黄而光亮，为脾胃湿热;黄而暗淡，寒湿困脾;萎黄淡白，脾虚血少;萎黄而带白斑，为虫积;如黄色光泽明润者，为有胃气，枯槁晦滞者，多属危重证候。《素问·脉要精微论》：“黄欲如罗裹雄黄，不欲如黄土。”吴大真,余传隆 总编;袁钟,图娅,彭泽邦等 主编.中医辞海·中册.北京：中国医药科技出版社.1999.第734页."
685,目暗不明,duguji,https://baike.duguji.cn/baike/w/%E7%9B%AE%E6%9A%97%E4%B8%8D%E6%98%8E,,目暗不明，证名。又名眼暗。《诸病源候论》卷二十八：“夫目者，五脏六腑阴阳精气，皆上注于目。若为血气充实，则视瞻分明；血气虚竭，则风邪所侵，令目暗不明”。治宜滋补肝肾，方用杞菊地黄汤加减，详见目昏条。
695,目黄,duguji,https://baike.duguji.cn/baike/w/%E7%9B%AE%E9%BB%84,,目黄，证名。两眼巩膜泛现黄色。《罗氏会约医镜·杂证》谓目黄有虚实之异。实热目黄，以湿热内蓄，郁蒸而成，清其热而黄自退；虚寒目黄，以元阳日衰，津液消耗所致，无烦热脉症，惟有干涸枯黄，须大加温补，始可救治。《医学纲目·目黄》：“亦有目黄而身不黄者，风气自阳明入胃，循脉而上至目眦，其人肥，风气不得外泄，则为热中而目黄。”治宜青龙散等方。本症多见于黄疸病，参见黄疸条。
698,目涩,duguji,https://baike.duguji.cn/baike/w/%E7%9B%AE%E6%B6%A9,,目涩，证名。眼干燥滞涩或似异物入目般涩痛不适，称目涩。《诸病源候论》卷二十八认为：“目，肝之外候也。脏腑之精华，宗脉之所聚，上液之道，若悲哀内动腑脏，则液道开而泣下，其液竭者，则目涩。又风邪内乘其腑脏，外传于液道，亦令泣下而数欠，泣竭则目涩。若腑脏劳热，热气乘于肝，而冲发于目，则目热而涩也，甚则赤痛。”总之，本病其因有三，一为悲哀哭泣，液竭则目涩，亦有劳瞻视竭，过虚多思，有伤神水而致者，多为肝肾阴虚不足之证。二为风邪内乘其腑脏，外传于液道，令泪下液竭而目涩。风在五行为木，在脏为肝，在窍为目，本乎一气。久风必郁，郁则生火，火性炎上，致目失润泽而发干涩。三为腑脏有热，热气乘于肝，上冲于目，则目热而涩。临床应详审病因，辨证施治。参见目干涩、目沙涩条。
702,目痒,duguji,https://baike.duguji.cn/baike/w/%E7%9B%AE%E7%97%92,,目痒，证名。见《太平圣惠方》卷三十三。亦作眼痒。风、火、湿、热、血虚等均可引起。眼内痒涩不适，重者痒若虫行，奇痒难忍。可见于今之沙眼、睑缘炎、春季卡他性结膜炎等病。内治法：因风者，宜祛风散邪，用驱风一字散加减；属风热者，宜疏风清热，用银翘散加减；属湿热者，宜清热除湿，用除湿汤加减；属血虚生风者，宜养血祛风，用四物汤加荆芥穗、白蒺藜等。外治法：广大重明汤煎水熏洗，眼药精调冷开水外涂。目病邪退正复而痒者，勿需治疗。由于引起目痒的原因较多，且临床上常见有几种原因共同致病，故应详细审证求因，辨证用药。
721,尿赤,duguji,https://baike.duguji.cn/baike/w/%E5%B0%BF%E8%B5%A4,,尿赤是指尿的颜色有些发黄，常见于上火，喝水少，吃莫些药物也会出现这种现象。一般单独不说明什么疾病，而是一种现象。
725,尿后滴沥,duguji,https://baike.duguji.cn/baike/w/%E5%B0%BF%E5%90%8E%E6%BB%B4%E6%B2%A5,,尿后滴沥是不像正常小便一样，一般前列腺肥大会有这种症状，开始放尿的时候就开始一点一点的流出，而且有尿意，就是尿得不畅快。
737,尿涩,duguji,https://baike.duguji.cn/baike/w/%E5%B0%BF%E6%B6%A9,,尿涩应该作一个尿常规检查是否有尿路感染可能，或作尿的细菌培养。另外如果是男性还要注意前列腺炎。
727,尿黄,dayi,https://www.dayi.org.cn/symptom/1153080.html,,尿黄又称为小便黄、小便黄赤或溺赤等，是指小便颜色较正常尿液黄，呈深黄色、黄赤色、黄褐色，甚至尿如浓茶一般的现象。西医认为尿黄可能是正常生理现象，也可能提示尿路感染、黄疸、急性肾损伤等疾病。而中医认为尿黄多由火热或湿热累及膀胱所致，涉及脏腑包括心、肝、胆、胃、小肠、膀胱等。
754,呕逆,duguji,https://baike.duguji.cn/baike/w/%E5%91%95%E9%80%86,,呕逆，病证名。出《灵枢·经脉》。即呕吐。详该条。
769,皮肤皲裂,duguji,https://baike.duguji.cn/baike/w/%E7%9A%AE%E8%82%A4%E7%9A%B2%E8%A3%82,,肌肤骤然被寒冷风燥所逼，致血脉阻滞，肌失濡养，皮肤遂渐枯槁，促成皲裂。
778,皮肤瘀斑,duguji,https://baike.duguji.cn/baike/w/%E7%9A%AE%E8%82%A4%E7%98%80%E6%96%91,,广泛性或局限性皮肤、粘膜下出血，形成皮肤粘膜的红色或暗红色色斑，直径约3-5毫米或更大，大于5毫米者称为瘀斑。
781,皮肤紫癜,duguji,https://baike.duguji.cn/baike/w/%E7%9A%AE%E8%82%A4%E7%B4%AB%E7%99%9C,,皮肤和粘膜出血后颜色改变的总称。临床表现为出血点、紫癜和瘀斑，一般不高出皮面，仅于过敏性紫癜时可稍隆起，开始为紫红色，压不退色，以后逐渐变浅，至两周左右变黄而消退。紫癜是出血性疾病最常见的临床表现。
795,痞闷,duguji,https://baike.duguji.cn/baike/w/%E7%97%9E%E9%97%B7,,郁滞烦闷。《证治准绳》：“饮食所伤痞闷者，当消导之，去其胸中窒塞。”达美君 主编.简明中医语词辞典.上海：上海科学技术出版社.2004.第706页.
816,前额头痛,duguji,https://baike.duguji.cn/baike/w/%E5%89%8D%E9%A2%9D%E5%A4%B4%E7%97%9B,,长在前额部位的脑垂体腺瘤的增生而压迫附近的组织而引起前额头痛。
822,轻度烧伤,duguji,https://baike.duguji.cn/baike/w/%E8%BD%BB%E5%BA%A6%E7%83%A7%E4%BC%A4,,由高温、化学物质、电等引起人体的皮肤、组织的损伤称为烧伤。临床上将烧伤分为3度。因家庭只能处理轻度烧伤，故本文只介绍轻度烧伤(Ⅰ度烧伤)。
827,屈伸不利,duguji,https://baike.duguji.cn/baike/w/%E5%B1%88%E4%BC%B8%E4%B8%8D%E5%88%A9,,屈伸不利是指四肢经脉筋肉挛急不舒，四肢关节伸展功能障碍，不能完全完成动作。如手可以表现为腕部屈曲、手指强直。拇指内收贴近掌心与小指相对。
845,妊娠呕吐,duguji,https://baike.duguji.cn/baike/w/%E5%A6%8A%E5%A8%A0%E5%91%95%E5%90%90,,妊娠呕吐是指孕妇在早孕期间经常出现择食，食欲不振、轻度恶心呕吐、头晕，倦怠，称为早孕反应。
847,妊娠下血,duguji,https://baike.duguji.cn/baike/w/%E5%A6%8A%E5%A8%A0%E4%B8%8B%E8%A1%80,,病证名。出《金匮要略·妇人妊娠病脉证并治》。亦称胎前流血。指妊娠后阴道流血。包括激经、胎漏、胎动不安。详见各条。
851,乳房胀痛,duguji,https://baike.duguji.cn/baike/w/%E4%B9%B3%E6%88%BF%E8%83%80%E7%97%9B,,女性在不同时期由于生理或病理变化引起的乳房胀痛。常常分为病理性和生理性。
880,善太息,duguji,https://baike.duguji.cn/baike/w/%E5%96%84%E5%A4%AA%E6%81%AF,,善太息常伴胸闷，惟胸闷而欲太息为舒，而胸闷常因气机不利所致。肝郁則失其條達致气机郁滞，气虚則气运不能舒展致气机不利。前者屬實，後者屬虛。根據症狀特點，兩證不難鑒別。
883,伤口感染,duguji,https://baike.duguji.cn/baike/w/%E4%BC%A4%E5%8F%A3%E6%84%9F%E6%9F%93,,伤口感染是病原微生物通过伤口侵入机体后，在体内生长、繁殖，致机体的正常功能、代谢、组织结构受到破坏，引起组织损伤性病变的病理反应。机体受到病原体侵袭后，能动员各种防御功能以消除病原体及其毒性产物，以恢复机体的相对稳定性。病原体侵入机体后是否能引起感染，主要取决于病原体的毒力和机体的抵抗力。
886,上肢麻木,duguji,https://baike.duguji.cn/baike/w/%E4%B8%8A%E8%82%A2%E9%BA%BB%E6%9C%A8,,上肢的问题与颈椎病有关。上肢麻木为颈椎病的主要表现之一。颈椎病是指因颈椎退行性变引起颈椎管或椎间孔变形、狭窄，刺激、压迫颈部脊髓、神经根、交感神经造成其结构或功能性损害所引起的临床表现。此病多见于40岁以上患者。
898,舌暗,duguji,https://baike.duguji.cn/baike/w/%E8%88%8C%E6%9A%97,,病证名。出《灵枢》。又名舌缓。暴病乃风痰为患，症见舌本转动不灵，痰声辘辘，不能言语，脉大有力，治宜祛风豁痰，用温胆汤加胆星、僵蚕、全蝎、石菖蒲。久病多血虚风动，症见舌痿不能言，形体消瘦，治宜补益心脾，用归脾汤。
911,舌胖,duguji,https://baike.duguji.cn/baike/w/%E8%88%8C%E8%83%96,,舌胖，舌体胖大。一般舌形稍胖而嫩，色淡，舌边有齿痕的，多属脾虚；若舌色深红而肿大满口，是心脾二经有热，参见“舌肿”条；若舌肿胖，色青紫而暗，多见于中毒，参见“舌胀大”条。
914,舌强不语,duguji,https://baike.duguji.cn/baike/w/%E8%88%8C%E5%BC%BA%E4%B8%8D%E8%AF%AD,,舌强是一种病症，舌体伸缩不利的症象。见于外感热病热入心包，内伤杂病之中风症，亦可由热盛伤津或痰浊壅阻所致。意思就是舍体伸缩不利不能说话。
915,舌生疮,duguji,https://baike.duguji.cn/baike/w/%E8%88%8C%E7%94%9F%E7%96%AE,,舌生疮出现局部疼痛的口腔病。部分患者常反复发作，甚至溃疡久不愈合。多由心脾积热，外感热邪，或脾胃湿热，阴虚阳亢所致。古代文献中，又称此病为口破、口疳、口疡，发生在舌的称舌疡。相当于西医的口腔溃疡。
919,舌有瘀斑,duguji,https://baike.duguji.cn/baike/w/%E8%88%8C%E6%9C%89%E7%98%80%E6%96%91,,舌有瘀斑为舌象。舌有瘀斑又称舌生瘀斑。指舌上出现青色、紫色或紫黑色斑点的舌象。在外感热病，为热入营血，气血壅滞，或将要发癍。在内伤杂病，多为气滞血瘀之证。
922,舌质暗红,duguji,https://baike.duguji.cn/baike/w/%E8%88%8C%E8%B4%A8%E6%9A%97%E7%BA%A2,,舌质暗红是指舌体颜色呈暗红色。舌质，又称舌体，即舌的肌肉脉络组织。
941,身体瘦弱,duguji,https://baike.duguji.cn/baike/w/%E8%BA%AB%E4%BD%93%E7%98%A6%E5%BC%B1,,现在人身体瘦弱，除了运动不足外，一般常见于中医的脾胃虚弱，西医的胃肠消化吸收功能不良。也有一部分女性为了减肥，过分限制饮食导致的营养不良。
950,神经性疼痛,duguji,https://baike.duguji.cn/baike/w/%E7%A5%9E%E7%BB%8F%E6%80%A7%E7%96%BC%E7%97%9B,,"神经性疼痛一直是困扰医学界的难题:发病机理不清楚,阿片类药物治疗效果不佳,患者非常痛苦。近年来随着分子生物学和电生理技术的发展，人们已逐渐深入地认识到神经性疼痛的复杂病理机制,并为治疗提供新的思路和方法。"
957,神志淡漠,duguji,https://baike.duguji.cn/baike/w/%E7%A5%9E%E5%BF%97%E6%B7%A1%E6%BC%A0,,一种神志症状，表现为对外界反应迟钝，呼唤无应答，但并非昏迷。
959,神志昏蒙,duguji,https://baike.duguji.cn/baike/w/%E7%A5%9E%E5%BF%97%E6%98%8F%E8%92%99,,神志昏蒙是指意识模糊，时清时昧，呼之能应，或时有谵语。
963,肾区叩击痛,duguji,https://baike.duguji.cn/baike/w/%E8%82%BE%E5%8C%BA%E5%8F%A9%E5%87%BB%E7%97%9B,,患者取站立位、坐位或侧卧位，检查者用左手掌平放于患者的肾区，右手握拳用由轻到中等强度的力量向左手背进行叩击。正常时肾区无叩击痛。当有肾炎、肾盂肾炎、肾结石及肾周围炎时，肾区可有不同程度的叩击痛。
970,失眠,duguji,https://baike.duguji.cn/baike/w/%E5%A4%B1%E7%9C%A0,,失眠通常指患者对睡眠时间和或质量不满足并影响白天社会功能的一种主观体验，包括入睡困难、时常觉醒及(或)晨醒过早。
947,神昏谵语,dayi,https://www.dayi.org.cn/symptom/1153706.html,,神昏谵语简称昏谵，是一种常见的中医症状描述，指患者的意识丧失，不省人事，胡言乱语。中医学认为，这一般是由于邪热、痰浊等病邪侵扰心包引起的，若出现于温病过程中，则提示病情严重，需要及时抢救；而在西医中，该症状可见于病毒性脑膜炎、脑梗死、败血症等多种疾病中。
997,食滞,duguji,https://baike.duguji.cn/baike/w/%E9%A3%9F%E6%BB%9E,,内科病证名。即伤食。指饮食停滞胃脘的证候。多由饮食不节，暴饮暴食，或脾胃素弱，运化失健所致。症见胃脘胀闷，甚则疼痛，嗳气吞酸或呕吐酸腐食物，吐后胀痛得减，或矢气便溏，泻下物酸腐臭秽，舌苔厚腻，脉滑。治宜消食导滞，方选保和丸加减。见伤食条。
1003,视力下降,dayi,https://www.dayi.org.cn/symptom/1153650.html,,视力下降一般指突然或者逐渐出现的看远物或看近物不清楚。视力是分辨二维物体形状、大小的能力，一般分为中心视力与周边视力。中心视力又分为远视力与近视力，反映了视网膜黄斑中心凹处的视觉敏感度。周边视力一般称为视野。平时所说的视力通常指中心视力，而视野检查是测量周围视力。
1022,术后疼痛,duguji,https://baike.duguji.cn/baike/w/%E6%9C%AF%E5%90%8E%E7%96%BC%E7%97%9B,,术后疼痛是机体受到手术伤害刺激(组织损伤)后的一种反应，包括生理、心理和行为上的一系列反应。在临床护理工作中，疼痛已成为继体温、脉搏、唿吸、血压4大生命体征之后的第5生命体征，日益受到重视。
1014,手肿胀,dayi,https://www.dayi.org.cn/symptom/1153641.html,,手肿胀是指从手腕到手指尖部位出现局部或整体体积增大、皮肤张力增高的现象。其原因多样，包括妊娠期水钠潴留等生理性因素，以及风湿免疫疾病、骨关节炎、心功能不全等病理性因素。手肿胀表现为手部皮肤紧绷、发亮，甚至可能伴有疼痛、僵硬和关节功能障碍。若不及时诊治，可能严重影响手部活动能力，并对患者的生活质量造成不利影响。
1031,四肢不温,duguji,https://baike.duguji.cn/baike/w/%E5%9B%9B%E8%82%A2%E4%B8%8D%E6%B8%A9,,四肢不温指手足发冷，冷至肘部和膝部。
1036,四肢倦怠,duguji,https://baike.duguji.cn/baike/w/%E5%9B%9B%E8%82%A2%E5%80%A6%E6%80%A0,,四肢倦怠为症状名。指手足无力，懒于动作。《世医得效方·身疼》：“男子妇人气血劳伤，四肢倦怠，肌体羸瘦，骨节烦疼。”多由脾胃虚弱，不能温润四肢所致。可见于内伤劳倦、脾虚久泻等证。治宜人参黄芪散等方。
1046,四肢酸痛,duguji,https://baike.duguji.cn/baike/w/%E5%9B%9B%E8%82%A2%E9%85%B8%E7%97%9B,,病证名。指四肢肌肉、筋脉有酸楚、疼痛的感觉。多由气血亏损或湿热侵袭经络所致。《金匮要略·血痹虚劳脉证并治》： “虚劳里急，悸，衄，腹中痛，梦失精，四肢酸疼，手足烦热，咽干口燥，小建中汤主之。”《千金要方·风毒脚气》：“若暑月久坐久立湿地者，则热湿之气，蒸于经络，病发必热，四肢酸疼，烦闷。”方用白虎加桂枝汤、犀角汤或二妙散治疗。
1032,四肢乏力,dayi,https://www.dayi.org.cn/symptom/1153754.html,,四肢乏力是一种常见的症状，指四肢懈怠，疲乏无力，严重时可能影响正常的运动功能。四肢乏力可能是正常的生理现象，也可能是某些健康问题的表现。中中医学认为，病理性四肢乏力多因气血两虚、暑热伤气或脾虚湿困所致。西医学则认为，多种疾病均可导致此症状，如低血糖症、甲状腺功能减退症、低钾血症等。
1050,溲黄,duguji,https://baike.duguji.cn/baike/w/%E6%BA%B2%E9%BB%84,,溲指大小便，在这里尤指小便;通俗地说，就是小便黄。
1063,痰多,duguji,https://baike.duguji.cn/baike/w/%E7%97%B0%E5%A4%9A,,痰多有很多原因：第一，体质虚弱，中气不足，由于脾虚不运，可以使水湿停留，凝聚为痰。第二，脾胃薄弱，宿滞逗留，损伤脾胃；或恣食生食、瓜果，中阳被伤；或因热病饮水过多，脾运不及等等都可以使水湿停留，聚集为痰。还有恣食肥甘，胃中浊气郁蒸，酿湿生热也可以化为痰浊。第三，外感失治，或体弱屡患外感，肺气被伤，不能输津四布，通调水道下输膀胱，使水液停留，也可成痰，痰贮于肺，肺气不利，痰涌气道而发，必致咳嗽痰多。 第四，患有鼻炎，炎症作用下鼻粘膜分泌大量脓性且粘稠度很高的分泌物，经鼻纤毛运送至鼻咽并粘附于鼻咽处，导致咽部异物感，进而通过咳嗽咳出。
1079,痰黏稠,duguji,https://baike.duguji.cn/baike/w/%E7%97%B0%E9%BB%8F%E7%A8%A0,,症状名。痰质胶黏浓稠难咯，色白带黄，多属肺热。
1070,痰黄,dayi,https://www.dayi.org.cn/symptom/1153671.html,,痰黄是指痰液呈现黄色，常呈脓性，可伴咳嗽、呼吸困难、发热、寒战等不适症状。痰黄的出现往往意味着呼吸系统存在炎症反应，建议患者及时就医诊治，以免延误病情。
1092,痰中带血,duguji,https://baike.duguji.cn/baike/w/%E7%97%B0%E4%B8%AD%E5%B8%A6%E8%A1%80,,痰中带血是指血从气道中随咳嗽而出，痰血相兼，痰中带有血丝、血点，或咯血盈口。常常间夹泡沫。此血来自肺脏或气道，色多鲜红。
1094,疼痛,duguji,https://baike.duguji.cn/baike/w/%E7%96%BC%E7%97%9B,,疼痛(pain)是机体对损伤组织或潜在的损伤产生的一种不愉快的反应，是一种复杂的生理心理活动，是临床上最常见的症状之一。它由痛觉和痛反应两部分组成。它包括伤害性刺激作用于机体所引起的痛感觉，以及机体对伤害性刺激的痛反应(躯体运动性反应和/或内脏植物性反应，常伴随有强烈的情绪色彩)。
1113,瞳孔散大,duguji,https://baike.duguji.cn/baike/w/%E7%9E%B3%E5%AD%94%E6%95%A3%E5%A4%A7,,瞳孔散大的原因较多，其治疗包括病因治疗及对症支持治疗，关键是找出瞳孔改变的病因，对症下药。有研究表明，双侧瞳孔如果散大持续90分钟以上，预后不佳。尤其是脑外伤病人，双瞳孔散大时间小于30分钟者应争分夺秒尽可能手术减低颅内压或清除血肿，尽快解除脑受压情况。若发现患者瞳孔有变化，家属应该尽快联系医生，尽早诊治，切勿拖延时间。
1173,脘腹痞闷,duguji,https://baike.duguji.cn/baike/w/%E8%84%98%E8%85%B9%E7%97%9E%E9%97%B7,,病症名。指胃脘或整个腹部有痞胀、闷塞不舒，甚至微微作痛的感觉。脾胃虚弱而运化迟滞，或肝气郁结而影响脾胃，或胃肠有食浊、湿饮等邪留滞均可导致，总与胃肠气滞不畅有关。
1166,外阴红肿,dayi,https://www.dayi.org.cn/symptom/1152968.html,,外阴红肿是常见的妇科疾病症状之一，最常见的原因是外阴病原体感染，此外尿液、粪便等异常分泌物的刺激也可造成外阴红肿。患者常伴外阴瘙痒、疼痛、灼热、破溃、白带异常等表现。经过及时诊治，通常预后良好。
1171,脘腹冷痛,dayi,https://www.dayi.org.cn/symptom/1153689.html,,脘腹冷痛是一种常见的中医症状描述，指胃脘部和腹部出现疼痛，并且有冷感而喜暖的症状。中医学认为，脘腹冷痛有实证和虚证之分，实证多因寒邪入侵导致胃肠阳气受阻，气机运行不畅，寒凝气滞所引起；而虚证一般为先天禀赋不足或后天失养导致脾胃阳气亏虚，温煦功能减弱所引起。
1177,脘腹隐痛,dayi,https://www.dayi.org.cn/symptom/1153686.html,,脘腹隐痛是一种常见的中医症状描述，指胃脘部和腹部出现程度较轻、隐隐约约的疼痛，虽然尚可忍耐，但具有绵绵不休的特点。中医学认为，脘腹隐痛多是由于脾胃虚寒、胃阴不足等引起的；在西医方面，许多疾病都可能引发脘腹隐痛，如慢性胃炎、消化性溃疡、肠炎、肠易激综合征等。
1192,畏热,duguji,https://baike.duguji.cn/baike/w/%E7%95%8F%E7%83%AD,,畏热常见于甲状腺功能亢进，或者小儿体质热型。甲亢是一种自身免疫性疾病，临床表现并不限于甲状腺，而是一种多系统的综合征。具有诊断意义的临床表现特别注意怕热、多汗、激动、纳亢伴消瘦、静息时心率过速、特殊眼征、甲状腺肿大等。
1199,胃绞痛,dayi,https://www.dayi.org.cn/symptom/1153440.html,,胃绞痛是指由多种原因导致的剑突下或上腹部出现剧烈疼痛的症状，常见原因包括饮食不当、腹部受凉、精神因素等非疾病因素，也包括急性胃炎、胃溃疡、十二指肠溃疡、胃穿孔等疾病因素。除胃绞痛症状外，患者还可伴有嗳气、胀气、恶心、呕吐等症状。治疗的关键在于明确病因，并针对病因进行相应的治疗。
1214,胃脘冷痛,dayi,https://www.dayi.org.cn/symptom/1153690.html,,胃脘冷痛是一种常见的中医症状描述，指胃脘部出现疼痛，并且有冷感而喜暖的症状。中医学认为，脘腹冷痛多是由于寒邪犯胃，暴遏阳气，导致气机郁滞；或者脾胃阳虚，温煦功能减弱引起的。若能及时进行正确的辨证论治，并配合调整饮食与生活习惯，则症状多可得到明显缓解。
1221,胃脘隐痛,dayi,https://www.dayi.org.cn/symptom/1153699.html,,胃脘隐痛是指胃脘部出现程度较轻、隐隐约约、绵绵不休的疼痛。中医学认为，这可能是由于先天禀赋不足、饮食不节、劳逸失度、久病失养等因素导致胃气、胃阳或者胃阴不足，使胃失于和降、温煦或者濡养引起的。而在西医中，胃脘隐痛常见于慢性胃炎、胃溃疡、功能性消化不良等疾病中。
1223,胃脘胀痛,dayi,https://www.dayi.org.cn/symptom/1153691.html,,胃脘胀痛是一种常见的中医症状描述，指胃脘部出现胀满不适、疼痛的感觉。中医学认为，胃脘胀痛多是由于饮食积滞、情志失调导致胃气壅滞引起的；而在西医中，该症状常见于急性胃炎、慢性胃炎、胃溃疡等多种疾病。
1241,下腹胀痛,duguji,https://baike.duguji.cn/baike/w/%E4%B8%8B%E8%85%B9%E8%83%80%E7%97%9B,,中医学名词，是指疼痛且有胀的感觉。是气滞作痛的特点。下腹部胀痛常见于月经经妇女和各种消化系统疾病。
1252,下肢无力,duguji,https://baike.duguji.cn/baike/w/%E4%B8%8B%E8%82%A2%E6%97%A0%E5%8A%9B,,下肢无力多是有脊髓型颈椎病引起的，表现为下肢无力、麻木、发紧、抬步沉重感等症状，逐渐还会出现跛行、颤抖、步态摇晃、容易跌倒等现象。
1297,小腹冷痛,duguji,https://baike.duguji.cn/baike/w/%E5%B0%8F%E8%85%B9%E5%86%B7%E7%97%9B,,经前腹痛多系寒凝血滞 ，常表现为小腹冷痛异常。痛经为女性常见病中的一种，许多女性为此十分苦恼。在经期往往选用一些止痛片来应对，虽然可解一时的燃眉之急，但不治本。中医在治疗痛经上注重辨证论治。
1305,小腹胀,dayi,https://www.dayi.org.cn/symptom/1153340.html,,小腹胀是指肚脐水平线以下至耻骨联合以上的区域胀满不适，可能伴有疼痛、恶心、呕吐、嗳气等症状。这种情况可能与多种原因有关，既包括饮食不当、小腹受凉、妊娠等非疾病因素，也包括消化系统疾病、泌尿系统疾病、妇科疾病等疾病因素。治疗的关键是明确病因，并针对病因进行治疗。
1308,小腹坠胀,dayi,https://www.dayi.org.cn/symptom/1153653.html,,小腹坠胀是指发生于肚脐以下、耻骨以上下腹部区域自觉坠胀的症状，主要与盆腔充血密切相关，为妇科疾病常见主诉症状之一。临床症状主要有自觉小腹有下坠、胀满、疼痛感。
1355,兴奋,duguji,https://baike.duguji.cn/baike/w/%E5%85%B4%E5%A5%8B,,兴奋（excitation） 生物体（器官、组织或细胞）受足够强的刺激后所产生的生理功能加强的反应；如神经冲动的发放、肌肉的收缩、腺体的分泌甚至动物的狂叫等。任何一种刺激（声、光、电、机械和冷热等）只要达到一定强度都会引起相应一些兴奋性高的细胞兴奋，并伴有细胞膜电位变化。其中神经和肌肉细胞则能产生可传播的动作电位，这些细胞被称为可兴奋细胞。神经冲动的发放就是神经细胞动作电位的发放；肌肉动作电位导致肌纤维的收缩。兴奋性即指细胞受到刺激后产生动作的能力。因此，有关兴奋本质的研究，始终是和细胞生物电的研究密切联系的。
1357,性功能障碍,duguji,https://baike.duguji.cn/baike/w/%E6%80%A7%E5%8A%9F%E8%83%BD%E9%9A%9C%E7%A2%8D,,性功能障碍是指不能进行正常的性行为，或在正常的性行为中不能获得满足。性功能障碍多数都没有器质性病变，也就是说性器官没有异常或病变，而是因为心理因素造成的。因而在性学中常常称为性心理功能障碍。性功能障碍一般分为心理性性功能障碍和器质性性功能障碍，器质性性功能障碍主要是指阳痿、早泄、不射精等。造成性功能障碍的原因大致可以分成三类：生物因素、精神心理因素和文化因素。治疗性功能障碍患者需要采取综合方法。对患有器质性疾病的患者要积极治疗原发病，药物引起者停用药物。症状包括性心理障碍：如性冷淡、性厌恶、性欲亢进、性惧怕、或者一两次不成功的性生活导致过大的心理压力，从而进一步抑制性功能等。
1379,胸膈痞闷,dayi,https://www.dayi.org.cn/symptom/1153737.html,,胸膈痞闷是指自觉胸腔内膈肌以上区域堵塞不畅、满闷不舒的症状。中医学认为，这可能是由于情志不畅、痰湿内阻、食积停滞、外感邪气等原因，导致胸膈气机不畅引起的；而在西医学中，肺部疾病、心脏疾病、胸壁外伤等，均可能导致胸膈痞闷。
1393,胸脘满闷,dayi,https://www.dayi.org.cn/symptom/1153701.html,,胸脘满闷是一种常见的中医症状描述，指胸部和胃脘部出现堵闷、窒塞、胀满等不适感。中医学认为，这多是由于外邪侵袭、情志失调、饮食不节、脏腑虚弱等原因导致心、肺、脾、胃气机不畅引起的；而西医学认为，该症状的发生与呼吸系统疾病、心血管疾病、消化系统疾病以及神经官能症等有关。
1434,虚劳咳嗽,duguji,https://baike.duguji.cn/baike/w/%E8%99%9A%E5%8A%B3%E5%92%B3%E5%97%BD,,病证名。即劳嗽。见《诸病源候论》卷3。
1444,血尿,duguji,https://baike.duguji.cn/baike/w/%E8%A1%80%E5%B0%BF,,血尿是指离心沉淀尿中每高倍镜视野≥3个红细胞，或非离心尿液超过1个或1小时尿红细胞计数超过10万，或12小时尿沉渣计数超过50万，均示尿液中红细胞异常增多，是常见的泌尿系统症状。
1454,牙齿松动,duguji,https://baike.duguji.cn/baike/w/%E7%89%99%E9%BD%BF%E6%9D%BE%E5%8A%A8,,牙齿松动表现为：牙齿松动的原因有可以是受外力撞击引起，牙周病牙龈萎缩引起、年老牙龈营养性萎缩造成牙齿松动，严重后是牙齿脱落，前一种是属于外力引起松动，后两种情况都属于牙龈出现问题。这在医学角度来说属于牙龈的营养性营养或牙周病严重引起的萎缩，但最终都归根为牙龈本身没有营养供给而造成萎缩牙齿松动。
1457,牙痛,duguji,https://baike.duguji.cn/baike/w/%E7%89%99%E7%97%9B,,牙痛，是口腔科牙齿疾病最常见的症状之一，其表现为牙龈红肿、遇冷热刺激痛、面颊部肿胀等。另外，牙痛也可能是由鼻窦炎引发。属中医“牙疳”、“齘齿”范畴。
1460,牙龈痛,duguji,https://baike.duguji.cn/baike/w/%E7%89%99%E9%BE%88%E7%97%9B,,"牙龈炎是由细菌的入侵造成的，表现为牙龈出血，红肿,胀痛，继续发展侵犯硬组织，产生牙周炎症。"
1465,咽部充血,duguji,https://baike.duguji.cn/baike/w/%E5%92%BD%E9%83%A8%E5%85%85%E8%A1%80,,咽部充血可能是得了咽炎。咽炎是一种非常多见的上呼吸道感染症，常由伤风感冒引起，几乎每个人的一生中都有过该病的体验，只不过是有的人病势轻些，有的人重些，有的人容易得，有的人不常得而已。
1463,牙龈肿胀,duguji,https://baike.duguji.cn/baike/w/%E7%89%99%E9%BE%88%E8%82%BF%E8%83%80,,牙龈肿胀肥大，呈深红色或暗红色，组织松软，探诊易出。牙龈乳头呈球状突起。肿胀的牙龈常可覆盖前牙唇的1/3或更多。由于牙龈肥大，使龈沟加深而形成龈袋，袋内易藏食物，细菌易滋生，自洁作用差，故炎症加重，可有深性分泌物。若身体抵抗力降低时，可出现单发或多发性的龈脓肿，特别以龈乳头区较多见。自觉症状可有刺激性牙龈出血、发胀、口臭等。病变后期，因纤维增生而使牙龈质地较为坚韧，炎症也有减轻，又称增生性龈炎。妊娠期间发生的肥大性龈炎，称妊娠期龈炎(Pregnancygingivitis)。有时个别龈乳头肿胀成球状且常带蒂，称妊娠期龈瘤。分娩后，肥大的牙龈一般可自行消退。某些系统性疾病也可出现牙龈的肥大或增生改变。应注意鉴别，如：白血病由于白细胞增多，在末梢血管内淤积，造成牙龈肿胀和肥大，龈色苍白，如伴有炎症则龈缘充血并有渗血现象。病情严重者，龈乳头或龈缘出现坏死，并有口臭。维生素C缺乏性龈炎。整个牙龈呈紫红色，易出血。重者，龈缘坏死，口臭明显。长期服用苯妥英纳的病员，可出现牙龈增生，其特征是颊、舌侧牙龈同是增生，呈结节状，质坚实，色浅淡，不易出血。
1480,咽喉红肿,duguji,https://baike.duguji.cn/baike/w/%E5%92%BD%E5%96%89%E7%BA%A2%E8%82%BF,,咽喉红肿，病证名。指因肺胃积热，血分伏火等所致的喉关内外、红肿疼痛的病证。治宜泻火解毒、凉血消肿，方选犀角地黄汤、清咽润燥汤等加减。
1485,咽喉肿痛,duguji,https://baike.duguji.cn/baike/w/%E5%92%BD%E5%96%89%E8%82%BF%E7%97%9B,,咽喉肿痛，病证名。为多种咽喉疾病的主要症状。症见喉关或内或外、肿胀疼痛，甚则影响饮食吞咽。多因火热上冲所致。虚火上炎者宜滋阴降火，方选知柏地黄汤等，实火上冲者宜泻火解毒，方用六神丸、黄连解毒汤加减等。详参各咽喉疾病条。
1477,咽喉不利,duguji,https://baike.duguji.cn/baike/w/%E5%92%BD%E5%96%89%E4%B8%8D%E5%88%A9,,咽喉不利，证名。《诸病源候论》卷三十：“府藏冷热不调，气上下哽涩，结搏于喉间，吞吐不利，或塞或痛。故言咽喉不利。”即指咽喉不适；干痛、异物感及呼吸吞咽均不适。实者多由肝郁气滞、痰浊壅塞肺系或肺胃伏火、感受外邪，致肺气壅塞气机不利等导致。治宜理气祛痰、疏肝解郁、疏风清热，方选半夏厚朴汤、黄连温胆汤、粉子解毒汤等加减。虚者多由肝肾阴虚，虚火灼伤咽喉；或肺胃阴虚，咽喉失养所致。宜滋阴降火、养阴利咽，方选知柏地黄汤、大补阴丸、沙参麦门冬汤等加减。
1491,咽痒,dayi,https://www.dayi.org.cn/symptom/1153651.html,,咽痒是咽部发痒，是一种自觉症状，多因咽喉部的黏膜受到刺激所致，临床上较为常见。可能是由于不良的生活习惯引起的，也可能是由于咽喉疾病以及邻近器官疾病引起的。明确病因后，需要采用药物治疗、手术治疗等手段，来缓解症状。
1513,眼痛,duguji,https://baike.duguji.cn/baike/w/%E7%9C%BC%E7%97%9B,,眼痛常为眼病患者的一个主诉症状。眼球及其附属器的许多病变都可以引起明显的眼痛。由于疾病的不同，其疼痛的部位和性质也各异，因此必须结合其他体征才能进一步确诊。
1517,阳虚血瘀,duguji,https://baike.duguji.cn/baike/w/%E9%98%B3%E8%99%9A%E8%A1%80%E7%98%80,,阳虚血瘀为病证名。血瘀病证之一。
1519,痒,duguji,https://baike.duguji.cn/baike/w/%E7%97%92,,痒 症名。指发生于皮肤之上一种不适感。出《灵枢·刺节真邪》。系皮肤病多见之一种症状。外因风、湿、热、虫侵扰，或内由血虚皮肤失荣等均可导致。临床因风邪引起者，走窜四注，甚至遍体作痒，搔破血溢；随破随收，不致化腐，多为干性；因湿所致者，常浸淫四窜，搔之滋水，甚至糜烂化腐或有传染，越腐越痒；因于热邪者，症见皮肤隐疹，焮红作痒，甚则热痛，滋水、淋漓、堆积成片，不会传染；由虫引起者，状如虫行皮中，搔痒无度，易于传染；由血虚而致者，皮肤干燥作痒，搔起白屑。痒证治疗宜结合所患病证。审证求因，随证施治。参见各有关条。
1520,腰背痛,duguji,https://baike.duguji.cn/baike/w/%E8%85%B0%E8%83%8C%E7%97%9B,,腰背痛是一个十分常见的临床症状，病人常诉腰背痛酸胀痛或锐痛，根据病因而有所不同。导致腰背痛的病因非常多，轻则可能只是肌肉拉伤，重则可能是腰椎恶性肿瘤等，所以对腰背痛应有所警惕，结合自己的情况分析大概可能的病因，部分患者需要找医生帮助。下面就导致腰背痛的病因做简要概述。
1527,腰肌劳损,duguji,https://baike.duguji.cn/baike/w/%E8%85%B0%E8%82%8C%E5%8A%B3%E6%8D%9F,,腰肌劳损，又称功能性腰痛、慢性下腰损伤、腰臀肌筋膜炎等，实为腰部肌肉及其附着点筋膜或骨膜的慢性损伤性炎症，是腰腿痛的常见原因之一，主要症状是腰或腰骶部胀痛、酸痛，反复发作，疼痛可随气候变化或劳累程度而变化，如日间劳累加重，休息后可减轻时轻时重，为临床常见病，多发病，发病因素较多。
1509,眼睛肿痛,dayi,https://www.dayi.org.cn/symptom/1153233.html,,眼睛肿痛是指眼睛区域出现的疼痛和肿胀现象，这可能是正常的反应，也可能是眼外伤、结膜炎、青光眼等眼部疾病的表现，还可能是高血压、糖尿病等全身性疾病累及到眼部的结果。患者可能会伴有畏光、流泪、分泌物增多、视物模糊等症状，对日常生活造成一定的不良影响，因此若持续不缓解或比较严重，则应及时就医处理。
1534,腰腿酸痛,dayi,https://www.dayi.org.cn/symptom/1153387.html,,腰腿酸痛是指腰部、腿部出现酸楚、疼痛等不适症状，多由于腰部神经受压所致。该症状在临床较常见，好发于长期从事重体力劳动者，或久坐、少运动人群。一般来说，经规范化治疗后症状能得到缓解或消失。
1557,夜尿清长,duguji,https://baike.duguji.cn/baike/w/%E5%A4%9C%E5%B0%BF%E6%B8%85%E9%95%BF,,夜尿清长是肾精亏虚证的症状之一。肾精亏虚是指肾精空虚，不能充养脑髓的病症。肾所藏之精，是机体生命活动之本。肾精的主要功能是主人体的生长繁殖，是生命活动的基础物质。神精能调节脏腑之精，供其活动需要；能生髓、养骨、补脑、并参与血液的生成，提高机体的抗体能力。肾精亏虚之形成多数是由于老年体衰，肾的精气亏损，或先天禀赋不足，或因久病耗损、后天失养所致。
1561,遗精,duguji,https://baike.duguji.cn/baike/w/%E9%81%97%E7%B2%BE,,遗精一种生理现象，是指不因性交而精液自行泄出的病症，有生理性与病理性的不同。
1564,易感,duguji,https://baike.duguji.cn/baike/w/%E6%98%93%E6%84%9F,,"易感就是容易被某一病原体感染, 而患上某一种传染病. 对某种传染病缺乏特异性免疫力的人称为易感者. 人群作为一个整体对传染病易感的程度称人群易感性。"
1570,阴道出血,duguji,https://baike.duguji.cn/baike/w/%E9%98%B4%E9%81%93%E5%87%BA%E8%A1%80,,阴道出血是女性生殖器官疾病常见的症状出血可来自外阴、阴道、子宫颈和子宫内膜但以来自子宫者为最多。阴道出血量固然可以危及生命，但如良性疾病所致者预后良好；而出血量少的，也可能是恶性肿瘤的最早症状，如忽视反而延误治疗引起不良后果。
1572,阴疽,duguji,https://baike.duguji.cn/baike/w/%E9%98%B4%E7%96%BD,,病证名。①指股阴疽。《刘涓子鬼遗方》卷一：“阴疽发髀若阴股……”详见股阴疽。②俗称阴疮。泛指阴性疽疡。
1586,隐痛,duguji,https://baike.duguji.cn/baike/w/%E9%9A%90%E7%97%9B,,隐痛 中医学名词。 指疼痛隐隐而作，或时隐时现。隐痛多主虚，常因阴血亏损，或阳气不足，使经脉失养所致。
1588,迎风流泪,duguji,https://baike.duguji.cn/baike/w/%E8%BF%8E%E9%A3%8E%E6%B5%81%E6%B3%AA,,迎风流泪，病证名。系指遇风则流泪，甚者如雨的病证。见《眼科捷径》。本病多由肝肾不足或肝经郁热所致。临床所见有流冷泪与流热泪之别，详见迎风冷泪和迎风热泪条。
1589,营养不良,duguji,https://baike.duguji.cn/baike/w/%E8%90%A5%E5%85%BB%E4%B8%8D%E8%89%AF,,营养不良是由于能量和(或)蛋白质摄入不足，导致营养状况不佳或不能维持正常的生长发育，主要见于3岁以下婴幼儿。临床常见三种类型：能量供应不足为主，表现为体重明显减轻，皮下脂肪减少者称为消瘦型;以蛋白质供应不足为主，表现为水肿的称为浮肿型，介于两者之间的消瘦-浮肿型。中医称为“小儿疳症”。
1619,月经量多,duguji,https://baike.duguji.cn/baike/w/%E6%9C%88%E7%BB%8F%E9%87%8F%E5%A4%9A,,月经量多是女性月经期的常见症状，可能伴有其他的症状。
1624,晕车,duguji,https://baike.duguji.cn/baike/w/%E6%99%95%E8%BD%A6,,晕车是由于内耳前庭受到超限刺激引起，汽油味可能会加重某些晕车人的恶心症状，但不是引起晕车的原因。试想，呆在家中闻汽油会晕车吗？至于有些人对汽油过敏，则另当别论。
1631,早泄,duguji,https://baike.duguji.cn/baike/w/%E6%97%A9%E6%B3%84,,早泄是指阴茎插入阴道后，在女性尚未达到性高潮，而男性的性交时间短于2分钟，提早射精而出现的性交不和谐障碍，一般男性30%均有此情况，问题虽小，但却使性生活质量不高，也可能引起阳痿等其他性功能障碍，后果严重，应引起重视和及早治疗。中医上认为早泄是指性交时阴茎插入阴道后不久（不足2分钟）即出现射精。精之藏泄，虽受制于肾，但与心、肝关系密切。
1635,燥热,duguji,https://baike.duguji.cn/baike/w/%E7%87%A5%E7%83%AD,,燥热，又称燥火。指感受燥气、津液耗伤，以致化热化火。《时病论》：“若热有汗，咽喉作痛，是燥之凉气，已化为火。”治以清热生津为主。
1641,胀满,duguji,https://baike.duguji.cn/baike/w/%E8%83%80%E6%BB%A1,,"病证名。多由脾胃损伤，致气壅滞而成。清·潘楫《医灯续焰》：“胀谓胀于外，满谓满于中，排脏腑而廓胸胁，急皮肤而露筋脉，脐凸腰圆，鼓之如鼓，胸腹之疾也。间亦有胀及于头面四肢者，与水肿大同小异，而此则无水也。”李经纬,余瀛鳌,欧永欣等 主编.中医大辞典.北京：人民卫生出版社.1995.第1090页."
1646,癥瘕,duguji,https://baike.duguji.cn/baike/w/%E7%99%A5%E7%98%95,,癥瘕 病证名。《金匮要略·疟病脉证并治》：“病疟，以月一日发，当以十五日愈；设不差，当月尽解；如其不差，当云何？师曰：此结为癥瘕，名曰疟母。”《诸病源候论·癥瘕病诸候》：“其病不动者，直名为癥。若虽病有结癥而可推移者，名为癥瘕。”指腹腔内有包块肿物结聚的疾病。后世一般以坚硬不移，痛有定处的为癥；聚散无常，痛无定处的为瘕。《圣济总录·积聚门》：“牢固推之不移者癥也。”又：“浮流腹内，按抑有形，谓之瘕。”《圣济总录》还认为癥瘕与积聚属同类疾病：“癥瘕结癖者，积聚之异名也。证状不一，原其根本，大略相类。”《医学入门》等书以积聚为男子病，癥瘕为女子病。详见癥、瘕、七癥、八瘕、十二癥等条。
1673,肢体疼痛,duguji,https://baike.duguji.cn/baike/w/%E8%82%A2%E4%BD%93%E7%96%BC%E7%97%9B,,肢体疼痛指个别肢体某处的局限性疼痛，多由局部疾患引起;也可是近端部位疾患的感应痛或放射痛，或是全身性疾患的早期症状。
1675,脂溢性脱发,duguji,https://baike.duguji.cn/baike/w/%E8%84%82%E6%BA%A2%E6%80%A7%E8%84%B1%E5%8F%91,,脂溢性脱发以往称早秃，男性型秃发，雄性秃发，弥漫性秃发，普通性脱发等，其病与遗传，雄性素，皮脂溢出相关，症状为头皮部油脂分泌过多，头发有油腻感。
1676,痔疮出血,dayi,https://www.dayi.org.cn/symptom/1153634.html,,痔疮出血，是指痔疮由于受到刺激或压力时破裂，导致出血的现象。这种情况通常与不良生活习惯、排便时用力、便秘、肛周感染等因素有关。除了出血外，通常还可能伴有肛门疼痛、肛门瘙痒、肛周脱垂等症状。治疗时需要根据病情严重程度和患者的具体情况，采取相应的治疗措施，多以保守治疗为主。大多数患者经过积极的治疗，预后通常较为良好。
1692,周身不适,duguji,https://baike.duguji.cn/baike/w/%E5%91%A8%E8%BA%AB%E4%B8%8D%E9%80%82,,躯体疾病引起的躯体症状，一般有头痛、失眠、胃口不适、心慌胸闷等等不适， 人得流感，常表现出周身不适。
1677,痔疮痛,dayi,https://www.dayi.org.cn/symptom/1153223.html,,痔疮痛是指由多种原因刺激痔疮而引发的疼痛感，这些原因既包括不良生活习惯、饮食因素、排便用力过猛等非疾病因素，也包括便秘、肛周感染等疾病因素。当痔疮痛发作时，患者可能还会出现便血、肛门瘙痒等症状，这些症状会严重影响患者的生活质量。为了缓解痔疮痛，治疗措施通常包括一般治疗、药物治疗以及在必要时的手术治疗。通过积极的治疗和患者自身的配合，多数痔疮痛患者的症状都可以得到有效的缓解。
1679,痔疮肿痛,dayi,https://www.dayi.org.cn/symptom/1153678.html,,痔疮肿痛是指肛门直肠部位的静脉丛因充血、瘀血或炎症等原因导致肿胀和疼痛的症状。痔疮是肛门直肠底部及肛门黏膜的静脉丛发生曲张形成的柔软静脉团，当痔疮发作时，患者会感到肛门部位的肿胀、疼痛，甚至伴有出血、瘙痒等症状。医生会根据患者具体病情，采用药物治疗、手术治疗等治疗措施，以缓解不适症状。
1697,灼热,duguji,https://baike.duguji.cn/baike/w/%E7%81%BC%E7%83%AD,,灼热，病状名。出《伤寒论·辨太阳病脉证并治》。指热势炽盛，如火烧烤的症状。手扪病人肌肤，有炙手感。见于多种热性病。
1702,子宫出血,duguji,https://baike.duguji.cn/baike/w/%E5%AD%90%E5%AE%AB%E5%87%BA%E8%A1%80,,子宫出血时的一次性治愈率达91.58％。
1718,下疳,duguji,https://baike.duguji.cn/baike/w/%E4%B8%8B%E7%96%B3,,下疳是性传播疾病，是由梅毒螺旋体侵犯到皮肤或粘膜的破损处引起发病的。其主要是通过性交接触而传染的。所以，下疳主要发生在外生殖器部位。
1719,下痢,duguji,https://baike.duguji.cn/baike/w/%E4%B8%8B%E7%97%A2,,下痢也是人体穴位名称。下痢此穴位于足背部位，脚拇趾和第2趾中间向里2厘米处。
1724,丝虫病,duguji,https://baike.duguji.cn/baike/w/%E4%B8%9D%E8%99%AB%E7%97%85,,丝虫病是我国五大寄生虫病之一。男女老少均可感染。流行区微丝蚴感染率高峰多在21～30岁。班氏丝虫病呈世界性分布，主要流行于热带和亚热带；马来丝虫病仅限于亚洲，主要流行于东南亚。我国中部和南部的山东、河南、安徽、江苏、上海、浙江、江西、福建、广东、广西、海南、湖南、湖北、贵州、四川和台湾等16个省、市、自治区有丝虫病流行。
1731,久疟,duguji,https://baike.duguji.cn/baike/w/%E4%B9%85%E7%96%9F,,久疟，疟疾久延不愈者。《诸病源候论·久疟候》：“疟皆由伤暑及伤风所为，热盛之时，发汗吐下过度，腑脏空虚，营卫伤损，邪气伏藏，所以引日不瘥，仍故休作也。”疟症气虚则寒，血虚则热；胃虚则恶寒，脾虚则发热；阴火下流则寒热交发而疟作；或微寒微热，面白神萎，口淡无味，胃呆纳差，大便溏薄等。治宜益气养血，温阳化阴。方用补中益气汤、人参养荣丸等。阳虚明显，则用附桂八味丸等，以益火之源而消阴翳。参见疟疾条。
1735,乳腺炎,duguji,https://baike.duguji.cn/baike/w/%E4%B9%B3%E8%85%BA%E7%82%8E,,"乳腺炎是指乳腺的急性化脓性感染,是产褥期的常见病，是引起产后发热的原因之一，最常见于哺乳妇女,尤其是初产妇。哺乳期的任何时间均可发生,而哺乳的开始最为常见。"
1734,乳糜尿,duguji,https://baike.duguji.cn/baike/w/%E4%B9%B3%E7%B3%9C%E5%B0%BF,,乳糜尿是指含乳糜微粒的乳白色浑浊尿液（大颗粒脂肪与载脂蛋白发生球状结合形成的脂蛋白，因其颗粒较大而能使光散射，故外观混浊呈乳白色，密度小而静置后浮于尿液顶层，故最上层为脂肪层，包含乳糜微粒和单纯脂肪）.
1740,二便不通,duguji,https://baike.duguji.cn/baike/w/%E4%BA%8C%E4%BE%BF%E4%B8%8D%E9%80%9A,,二便不通（anuria and constipation）是指以大便和小便不畅，甚则闭塞不通为主要表现的疾病。
1754,伤酒,duguji,https://baike.duguji.cn/baike/w/%E4%BC%A4%E9%85%92,,伤酒，病证名。饮酒过度所致的病证。一名酒伤。见《证治要诀·伤酒》。《诸病源候论》卷二：“酒性有毒，而复大热，饮之过多，故毒热气渗溢经络，浸溢腑脏，而生诸病也。”证见头晕头痛，胸膈痞塞，恶心呕吐，躁动或昏睡等。治宜利湿化浊以解酒毒，轻者用葛根、葛花、枳椇子、神曲、黄连、白蔻仁，甚者用甘遂、黑牵牛子等药。《景岳全书·杂证谟》谓饮酒致伤，有三证不可不辨：一以酒湿伤脾，致生痰逆呕吐，胸膈痞塞，饮食减少，宜葛花解酲汤、胃苓汤、五苓散之类主之。一以酒热伤阴，或致发热动血者，宜黄芩芍药汤、清化饮、徙薪饮之类主之。一以酒质伤脏，致生泄泻不已，若气强力壮者，用五苓散、胃苓汤之类除湿止泻；若因湿生寒以泻伤阴致损命门阳气者，胃关煎、五德丸、九炁丹之类。伤酒严重，可成癥积、黄疸、鼓胀。参见酒癖、酒疸、水鼓、伤食、伤饮各条。
1756,伤酒吐血,duguji,https://baike.duguji.cn/baike/w/%E4%BC%A4%E9%85%92%E5%90%90%E8%A1%80,,伤酒吐血，病证名。因饮酒过度，伤胃而致吐血之证。见《医钞类编》卷七。《金匮要略·惊悸吐衄下血胸满瘀血病脉证并治》：“夫酒客咳者，必致吐血，此因极饮过度所致也。”治宜清胃解酲，用徙薪饮、清化饮、葛黄丸、葛花解酲汤加黄连、丹皮等。此症即肺疽之属，亦称伤胃吐血。参见肺疽、伤胃吐血、内伤吐血等条。
1757,伤食,duguji,https://baike.duguji.cn/baike/w/%E4%BC%A4%E9%A3%9F,,伤食，病证名。因饮食不当损伤脾胃所致的病证。见《丹溪心法·伤食》。一名食伤。治疗伤食须辨虚实。若停滞中焦或胀或痛，为实证，当先去其食，大和中饮主之。若食停上焦，宜用吐法；若食停下焦，痛极兼胀者，须下而去之，宜神佑丸或备急丸。《景岳全书·杂证谟》老人虚人易于伤食，治宜权衡虚实，消补兼施。伤食有伤谷、伤面、伤肉、伤鱼鳖、伤蟹、伤蛋、伤生冷果菜、伤酒、伤茶、宿食、宿滞、五味过伤等，详见各条。
1760,体虱,duguji,https://baike.duguji.cn/baike/w/%E4%BD%93%E8%99%B1,,体虱是虱子病的一种，主要是在人身体上，寄生在毛囊里面，靠吸食血液为生！由于没有发现过虱子化石，因此我们只能推测它的起源。我们知道古埃及人和希腊人写的，他们发现了史前美洲印第安人木乃伊。在这木乃伊身上发现了三种虱子：头虱，体虱和阴虱。
1767,关节肿胀,duguji,https://baike.duguji.cn/baike/w/%E5%85%B3%E8%8A%82%E8%82%BF%E8%83%80,,"关节肿胀多见于损伤性滑膜炎，损伤性滑膜炎多因急性创伤和慢性损伤所致。当膝关节长时间单一动作超量运动之后，滑膜组织充血水肿,急性外伤包括有：膝关节扭伤、半月板损伤、侧副韧带或交叉韧带损伤，关节内积液或有时积血，表现为急性膝关节外伤性滑膜炎。 有时也可因单纯膝关节滑膜损伤所致，如外伤较轻，或长期慢性膝关节劳损。加上风、寒、湿邪侵袭，可使膝关节逐渐出现肿胀和功能障碍者，则形成慢性膝关节滑膜炎。"
1770,冻疮,duguji,https://baike.duguji.cn/baike/w/%E5%86%BB%E7%96%AE,,冻疮是由于寒冷引起的局限性炎症损害，冻疮是冬天的常见病，尤其是儿童、妇女及老年人，冻疮一旦发生，在寒冷季节里常较难快速治愈，要等天气转暖后才会逐渐愈合，局部小动脉发生收缩，久之动脉血管麻痹而扩张，静脉淤血，局部血液循环不良而发病。中医常根据受冻部位的不同，分别称为“水浸足”、“水浸手”、“冻烂疮”等。
1772,创伤,duguji,https://baike.duguji.cn/baike/w/%E5%88%9B%E4%BC%A4,,创伤（trauma）为机械因素加于人体所造成的组织或器官的破坏。
1774,劳热,duguji,https://baike.duguji.cn/baike/w/%E5%8A%B3%E7%83%AD,,劳热，病证名。虚损骨蒸发热。见《丹溪心法·发热》。《医学说约·热》：“劳热则蒸。”由气血亏损，阳衰阴虚所致。常见骨蒸潮热、五心烦热等症。五脏邪热不清亦可导致阳衰。心劳邪热，则口舌生疮、语涩、肌瘦；肝劳邪热，则胁痛、关格不通；脾劳邪热，则气急、肌痹，多汗；肺劳邪热，则气喘、面肿、口燥、咽干；肾劳邪热，则尿赤、阴疮、耳鸣、溺闭。治宜三白汤主之，心热加黄连、木通、麦冬、生地，肝热加黄芩、防风、当归、龙胆草、赤芍，脾热加山栀、石斛、升麻，肺热加知母、桑白皮、秦艽、葶苈，肾热加元参、赤苓、车前子、生地（见《医学入门》卷五）。
1779,发背,duguji,https://baike.duguji.cn/baike/w/%E5%8F%91%E8%83%8C,,发背，痈疽之生于脊背部位的，统称“发背”，属督脉及足太阳膀胱经，系火毒内蕴所致。分阴证和阳证两类，阳证又叫“发背痈”或叫“背痈”。阴证又叫“发背疽”。阳证多因感受六淫所引发，起初有一、二个疮头，数天后迅速高肿，大如手掌，甚如碗口，红肿剧痛，伴有高热，烦渴，脉洪数等。阴证多因七情内伤，膏粱厚昧，醇酒炙博，火毒郁积而成。初起疮头如粟，根盘散漫，不甚高肿，色不红活，疼痛稍轻，伴有烦闷，口渴，便秘，尿赤，脉细无力等。数天后疮头甚多，上有脓点，形如莲蓬，故又称“莲蓬发”，或称“蜂窝疽”。疮头脓稠难溃，按之流血，至八、九日，溃头成片，脓腐渐出，很久才能收口。本病由于所发部位不同，而有多种名称，如发于上部的名“上发背”，又叫“脾肚发”；发于中部的名“中发背”，又叫“对心发”；发于下部的名“下发背”，又呻“对脐发”。
1777,原发性血小板减少性紫癜,duguji,https://baike.duguji.cn/baike/w/%E5%8E%9F%E5%8F%91%E6%80%A7%E8%A1%80%E5%B0%8F%E6%9D%BF%E5%87%8F%E5%B0%91%E6%80%A7%E7%B4%AB%E7%99%9C,,"原发性血小板减少性紫癜（Idiopathic thrombocytopenic purpura,ITP)是一种免疫性综合病征，是常见的出血性疾病。特点是血循环中存在抗血小板抗体，使血小板破坏过多，引起紫癜；而骨髓中巨核细胞正常或增多，幼稚化。临床上可分为急性及慢性两种，二者发病机理及表现有显著不同。"
1785,口,duguji,https://baike.duguji.cn/baike/w/%E5%8F%A3%EE%A0%9F,,口，证名。亦称口僻。口唇歪斜于一侧。出《灵枢·经脉》。多由风寒阻滞经脉所致。《诸病源候论·风口候》：“风邪入于足阳明手太阳之经，遇寒则筋急引颊，故使口僻，言语不正，而目不能平视。《金匮翼》卷一：“风入耳中，亦令口。缘坐卧处对耳有窍，为风所中，筋牵过一边。”治以祛风散寒，通络活血为主。亦可用外敷法。
1786,后重,duguji,https://baike.duguji.cn/baike/w/%E5%90%8E%E9%87%8D,,后重，①病名。即大瘕泄。《难经·五十七难》：“有大瘕泄，名曰后重。”详大瘕泄条。
1797,咳逆,duguji,https://baike.duguji.cn/baike/w/%E5%92%B3%E9%80%86,,咳逆，证名。咳嗽而气上逆者。出《素问·六元正纪大论》。《诸病源候论·咳逆候》：“咳逆者，是咳嗽而气逆上也。”“咳病由肺虚感微寒所成，寒搏于气，气不得宣，胃逆聚还肺，肺则胀满，气遂不下，故为咳逆。”证见咳嗽吐痰，或气喘喉中有水鸡声等。《金匮要略·肺痿肺痈咳嗽上气病脉证并治》：“咳逆上气，时时唾浊，但坐不得眠，皂荚丸主之。”又：“咳而上气，喉中水鸡声，射干麻黄汤主之。”《肘后备急方》卷三：“治小儿大人咳逆，短气，胸中吸吸，咳出涕唾，嗽出臭脓涕粘，淡竹沥一合，日三五服，大人一升。”参见咳嗽条。
1796,咳痰,duguji,https://baike.duguji.cn/baike/w/%E5%92%B3%E7%97%B0,,"痰是气管、支气管的分泌物或肺泡内的渗出物，并不包括口、鼻、咽喉的黏液。咳痰是呼吸道内的病理分泌物借助于支气管粘膜上皮细胞的纤毛运动、支气管平滑肌的收缩及咳嗽时的气流冲动，将呼吸道内的分泌物从口腔排除的动作。简单而言是：咳嗽伴有痰液时称为咳痰, 也叫湿性咳嗽，相对的是干性咳嗽(俗称干咳, 指无痰或痰量甚少的咳嗽)。咳痰常见于肺炎、慢性咽炎、慢性支气管炎、支气管扩张、肺脓肿与空洞型肺结核等疾病。"
1800,咽肿,duguji,https://baike.duguji.cn/baike/w/%E5%92%BD%E8%82%BF,,咽肿，病证名。即咽喉肿痛。出《灵枢·经脉》。详该条。
1799,咽喉炎,duguji,https://baike.duguji.cn/baike/w/%E5%92%BD%E5%96%89%E7%82%8E,,咽喉炎，是由细菌引起的一种疾病，可分为急性咽喉炎和慢性咽喉炎两种。
1804,喉风,duguji,https://baike.duguji.cn/baike/w/%E5%96%89%E9%A3%8E,,喉风，病名。系咽喉肿痛等多种疾患的泛称。见《秘传证治要诀及类方》。《喉科心法》卷上：“考古称喉症，总其名曰喉风。”历代文献对喉风的记载颇多。如《喉科秘旨》载有十二证。《喉科杓指》载有十六证。《喉证全科紫珍集》载有十八证：《重楼玉钥》载有三十六证。根据病因病机之不同又可分为酒毒喉风、阴虚喉风、肺寒喉风、劳碌喉风等。根据发病后喉间颜色不同又分为紫色喉风、淡红喉风、白色喉风等。根据发病急慢又分为急喉风、慢喉风、走马喉风等。根据症状不同又分为紧喉风、呛食喉风、脚根喉风、哑瘴喉风、叉喉风等。喉风主要的病因是风热搏结于外，火毒炽盛于内，肺失清肃，火动痰生，痰火邪毒停聚咽喉所致。各种喉风的证治详见有关各条。
1807,四肢抽搐,duguji,https://baike.duguji.cn/baike/w/%E5%9B%9B%E8%82%A2%E6%8A%BD%E6%90%90,,"四肢抽搐系指各种原因引起之四肢不随意抽动。一切四肢不能自主控制的抽搐、牵动,或屈伸不已,均属於抽搐的范畴。"
1806,噤口,duguji,https://baike.duguji.cn/baike/w/%E5%99%A4%E5%8F%A3,,口唇痉挛，失去饮食功能的一种病证。就是初生儿的口噤不开。又称“噤风” 。其症状主要是口上生疮如米粒，不能吮乳，哭啼声音低弱，牙关紧闭，二便不通。应与脐风相鉴别。口舌生疮为其特点。否则，应考虑为脐风(新生儿破伤风)，以免贻误治疗。
1811,声哑,duguji,https://baike.duguji.cn/baike/w/%E5%A3%B0%E5%93%91,,声哑，病证名。见《寿世保元》卷六喉痹篇：“声哑，失音不出，用猪板油切烂入蜜，重汤煮熟，食之。”声哑一证可由多种病因引起，故在临床上应仔细审证求因，辩证用药。详见喑条。
1816,外感热病,duguji,https://baike.duguji.cn/baike/w/%E5%A4%96%E6%84%9F%E7%83%AD%E7%97%85,,外感热病（heat disease caused by exogenous pathogenic factor、exogenous febrile disease）是指感受外邪引起的以发热为主要表现的疾病。是现代中医学对伤寒、温病的统称。
1817,夜盲,duguji,https://baike.duguji.cn/baike/w/%E5%A4%9C%E7%9B%B2,,对弱光敏感度下降，暗适应*时间延长的重症表现。多因VA缺乏所致，也有先天夜盲者。主要症状为白天视觉几乎正常，黄昏时光线渐暗则视物不清。因麻雀等某些鸟类系先天夜盲，故又名“雀目”、“雀盲”、“雀目眼”。VA 缺乏引起夜盲的主要机理如下：视网膜上有在强光下产生颜色感觉的视圆锥细胞和在弱光下产生暗视觉的视杆状细胞。而决定暗视觉好坏和暗适应快慢的主要因素之一，是视紫红质（视杆细胞色素）在血中的浓度。视紫红质的合成与分解受光调节；强光下分解多于合成，弱光下合成多于分解，使其浓度逐渐达到一定的光敏感度所需水平，达到这一水平所用的时间即是暗适应的时间。因为VA是视紫红质的“原料”，所以当VA缺乏时，则视紫红质得不到足够的补充，从而血中浓度下降，导致视杆状细胞功能不全，对弱光敏感度下降，暗适应时间延长等，出现夜盲症状。适量补充VA可以有效地治疗因VA 缺乏引起的夜盲症。我国早在唐代便已应用猪肝等富含VA的食物治疗“雀目”。
1819,大汗,duguji,https://baike.duguji.cn/baike/w/%E5%A4%A7%E6%B1%97,,大汗，指汗出过多的现象。可因热盛迫汗、发表太过、病后气虚、元气欲脱等原因而出现。汗是津液所化，汗多则伤津，甚则“亡阴”；汗为心液，汗多也可以“亡阳”。参见“亡阴”、“亡阳”、“漏汗”、“热汗”、“冷汗”等条。
1820,天疱疮,duguji,https://baike.duguji.cn/baike/w/%E5%A4%A9%E7%96%B1%E7%96%AE,,天疱疮是一种慢性、复发性、严重性表皮内疱性皮肤病，可能是一种自身免疫性疾病。临床上可分四型：寻常型、增殖型、落叶型、红斑型。治疗原则：
1821,失精,duguji,https://baike.duguji.cn/baike/w/%E5%A4%B1%E7%B2%BE,,失精，①即遗精。《金匮要略·血痹虚劳病脉证并治》：“男子失精，女子梦交，桂枝龙骨牡蛎汤主之。”详遗精条。
1822,失血,duguji,https://baike.duguji.cn/baike/w/%E5%A4%B1%E8%A1%80,,失血，证名。各种大量出血症候的总称。《三因极一病证方论·失血叙论》：“血不得循经流注，荣养百脉，或泣或散，或下而亡反，或逆而上溢，乃有吐、衄、便、利、汗、痰诸证生焉。十种走失，无重于斯，随证别之，乃可施治。”失血原因，或肺阴虚，热损肺络；或脾虚气弱，不能统血摄血；或邪热迫血妄行；或跌仆外伤，损及脏腑经脉等。详见衄血、肌衄、汗血、吐血、呕血、咳血、咯血、唾血、便血、尿血各条。
1826,头虱,duguji,https://baike.duguji.cn/baike/w/%E5%A4%B4%E8%99%B1,,头虱是一种灰色无翅的小昆虫，雌虱于交尾后1-2天，即开始产卵，
1825,头癣,duguji,https://baike.duguji.cn/baike/w/%E5%A4%B4%E7%99%A3,,头癣是头皮和头发的浅部真菌感染，根据病原菌和临床表现的不同可分为黄癣、白癣和黑点癣三种。头癣好发于儿童，传染性较强，易在托儿所、幼稚园、小学校及家庭中互相传染。主要通过被污染的理发工具传染，也可通过接触患癣的猫、狗等家畜而感染。中医称黄癣为“肥黏疮”、“秃疮”;白癣称为“白秃疮”、“癞头疮”。
1834,姜片虫病,duguji,https://baike.duguji.cn/baike/w/%E5%A7%9C%E7%89%87%E8%99%AB%E7%97%85,,姜片虫病，病证名。又名赤虫。《诸病源候论》卷十八：“赤虫，状如生肉。”症见肠鸣，腹泻，时或便脓血。多由食生菱角、荸荠等吞入姜片虫的囊蚴所引起。治宜攻积杀虫。用追虫丸或《仁斋直指》芜荑散。
1838,宫冷不孕,duguji,https://baike.duguji.cn/baike/w/%E5%AE%AB%E5%86%B7%E4%B8%8D%E5%AD%95,,宫冷不孕，病名。见《济阴纲目》。即胞寒不孕。详该条。
1840,寒湿脚气,duguji,https://baike.duguji.cn/baike/w/%E5%AF%92%E6%B9%BF%E8%84%9A%E6%B0%94,,寒湿脚气，病名。脚气之一。见《三因极一病证方论》卷三。指寒湿外侵，经气、血脉不和所致。临床以脚膝软弱无力、顽木浮肿；或作拘挛疼痛，或兼见恶寒肢冷。治宜温经除湿、活络舒筋。用木瓜牛膝丸、酒浸牛膝丸、葫芦巴丸及鸡鸣散加减。参见脚气条。
1841,寒热,duguji,https://baike.duguji.cn/baike/w/%E5%AF%92%E7%83%AD,,寒热，①病状名。主要证见发冷发热，或战栗不欲食。《素问·风论》：“其寒也则衰食饮，其热也则消肌肉，故使人怢栗不能食，名曰寒热。”
1843,寒痹,duguji,https://baike.duguji.cn/baike/w/%E5%AF%92%E7%97%B9,,寒痹，病名。一名痛痹、骨痹。指寒邪偏重的痹证。骨痹属于五体痹之一。凡由六淫之邪侵扰人体筋骨关节，闭阻经脉气血，出现肢体沉重、关节剧痛，甚至发生肢体拘挛屈曲，或强直畸形者谓之骨痹。本病一年四季均可发病，发于周围关节者以女性居多，发于中枢关节者以青年男性居多。本病与历节、痛风、热痹、鹤膝风、尫痹等的某些证型可能有所交错，如果出现关节剧痛、肢节拘挛屈曲、强直畸形者均可列入本病范畴。现代医学的类风湿性关节炎、强直性脊椎炎、骨关节炎、大骨节病、多发性骨髓瘤、痛风等病种出现骨痹的主症时，可参考骨痹辨治。
1846,小便淋漓,duguji,https://baike.duguji.cn/baike/w/%E5%B0%8F%E4%BE%BF%E6%B7%8B%E6%BC%93,,多见于50岁以上的老年男性。早期表现为尿频，夜尿增多，排尿困难，尿流无力。晚期可出现严重的尿频、尿急、排尿困难，甚至点滴不通，小腹胀满，可触及充盈的膀胱。
1856,小儿惊风,duguji,https://baike.duguji.cn/baike/w/%E5%B0%8F%E5%84%BF%E6%83%8A%E9%A3%8E,,惊风是小儿时期常见的一种急重病证，以临床出现抽搐、昏迷为主要特征。又称“惊厥”，俗名“抽风”。任何季节均可发生，一般以1—5岁的小儿为多见，年龄越小，发病率越高。其证情往往比较凶险，变化迅速，威胁小儿生命。所以，古代医家认为惊风是一种恶候。如《东医宝鉴·小儿》说：“小儿疾之最危者，无越惊风之证”。《幼科释谜·惊风》也说：“小儿之病，最重惟惊”。
1865,尿路感染,duguji,https://baike.duguji.cn/baike/w/%E5%B0%BF%E8%B7%AF%E6%84%9F%E6%9F%93,,尿路感染尿路感染是由细菌（极少数可由真菌、原虫、病毒）直接侵袭所引起。是病原体在尿路中生长繁殖，并侵犯泌尿道黏膜或组织而引起的炎症。包括通常伴随有菌尿和脓尿。是细菌感染中最常见的一种感染。尿路感染分为上尿路感染和下尿路感染，上尿路感染指的是肾盂肾炎，下尿路感染包括尿道炎和膀胱炎。根据有无基础疾病，尿路感染还可分为复杂性尿感和非复杂性尿感。尿路感染常多发于女性，尤其多发于性生活活跃期及绝经后女性。
1879,强中,duguji,https://baike.duguji.cn/baike/w/%E5%BC%BA%E4%B8%AD,,强中、消渴(男子出精后，阴茎仍然坚挺，称为“强中”；如同时有多
1880,心动悸,duguji,https://baike.duguji.cn/baike/w/%E5%BF%83%E5%8A%A8%E6%82%B8,,心动悸，证名。患者自觉心悸，或见心前搏动。见《伤寒论·辨太阳病脉证并治》：“伤寒，脉结代，心动悸，炙甘草汤主之。”此因气血衰微所致，治宜炙甘草汤以补血复脉。
1889,忧郁,duguji,https://baike.duguji.cn/baike/w/%E5%BF%A7%E9%83%81,,忧郁，病证名。情志三郁之一。多因悲忧过度所致。《景岳全书·杂证谟》：“若忧郁病者，则全属大虚，本无邪实。”以悲则气消，忧则气沉，故必伤脾肺。若初郁不开，未至内伤而胸膈痞闷者，宜二陈汤、平胃散，或和胃煎、调气平胃散、神香散、六君子汤调之。忧郁伤脾而吞酸呕恶者，宜温胃饮或沉香散。忧郁伤脾肺而困倦怔忡，倦怠食少者，宜归脾汤或寿脾煎。忧思伤心脾，以致气血日消，饮食日减，宜五福饮、七福饮，甚者大补元煎。”参见情志三郁、七情郁证，内郁条。
1891,急性淋巴管炎,duguji,https://baike.duguji.cn/baike/w/%E6%80%A5%E6%80%A7%E6%B7%8B%E5%B7%B4%E7%AE%A1%E7%82%8E,,急性淋巴管炎系致病菌从破损的皮肤或感染灶蔓延至邻近淋巴管内，所引起的淋巴管及其周围组织的急性炎症。通常由化脓性链球菌引起。
1896,恶露不尽,duguji,https://baike.duguji.cn/baike/w/%E6%81%B6%E9%9C%B2%E4%B8%8D%E5%B0%BD,,恶露不尽，出《诸病源候论》卷四十三。即恶露不绝。详该条。
1910,手足麻木,duguji,https://baike.duguji.cn/baike/w/%E6%89%8B%E8%B6%B3%E9%BA%BB%E6%9C%A8,,手足麻木，证名。四肢麻木的别称。《丹溪心法》卷四：“手足麻者属气虚，手足木者有湿痰死血。”详四肢麻木条。
1913,挛急,duguji,https://baike.duguji.cn/baike/w/%E6%8C%9B%E6%80%A5,,挛急，证名。出《灵枢·经脉》。义同拘挛、拘急。参拘挛、拘急条。
1912,拘挛,duguji,https://baike.duguji.cn/baike/w/%E6%8B%98%E6%8C%9B,,拘挛，证名。四肢拘急，难以屈伸之证。出《素问·缪刺论》一作痀挛。因阴血亏虚，筋失所养或复有风寒湿热侵袭筋脉，或瘀血留滞所致。《杂证会心录·挛证》：“拘挛属肝，肝主身之筋也。古书有风寒湿热血虚之不同，然总不外亡血，筋无荣养则尽之矣。盖阴血受伤则血燥，血燥则筋失所滋。”“精血不亏，虽有邪干，亦决无筋脉拘急之病。”治宜养血滋阴以缓急。《医述》卷十二：“拘挛则急多缓少，寒多热少，经谓寒则筋挛是也。其治莫如养血温经，使阳气以和柔之，阴津以灌溉之。”并可辨证应用祛风湿、通经络等法。参见挛条。本证见于类风湿性关节炎，脑血管意外后遗症及肌强直等疾患。
1921,无名肿毒,duguji,https://baike.duguji.cn/baike/w/%E6%97%A0%E5%90%8D%E8%82%BF%E6%AF%92,,无名肿毒，病证名。发无定处难于命名之痈疽疮疡。见《医学入门》卷六。又名肿疡、虚疡。《辨证录》卷十三称：“无名肿毒生于思想不到之处，而其势凶恶，有生死之关，皆可以无名肿毒名之。”《外科大成》卷四则谓：“无名肿毒者，以其随处而生，不按穴位，不可以命名也。”皆因风邪寒热客于经络所致者。若因风邪内作而引起者则无头无根；若因气血相搏者，则有头有根；因风寒而成者，则肿坚色白；因热毒而成者，则肿焮而色赤。”并以此作为辨证之依据。其治：有表证者散之，有里证者下之，外治参之以敷贴之剂。
1924,早衰,duguji,https://baike.duguji.cn/baike/w/%E6%97%A9%E8%A1%B0,,早衰，与正常人相比提前衰老。《素问·阴阳应象大论》：“能知七损八益，则二者可调。不知用此，早衰之节也。”
1925,时疫,duguji,https://baike.duguji.cn/baike/w/%E6%97%B6%E7%96%AB,,①即疫、瘟疫。见《温疫论》。因疠气疫毒从口鼻传入所致，有强烈传染性。《不知医必要·时疫》：“此症有由感不正之气而得者，或头痛，发热，或颈肿，发颐，此在天之疫也。若一人病，染及一室，一室之病，染及一乡、一邑。”其证憎寒壮热，口吐黄涎，甚者痓厥谵狂。治宜疏利、解秽、清中、攻下等法。参见瘟疫、疫条。
1935,梅毒,duguji,https://baike.duguji.cn/baike/w/%E6%A2%85%E6%AF%92,,梅毒是由苍白螺旋体即梅毒螺旋体引起的一种慢性性传播疾病。可以侵犯皮肤、粘膜及其他多种组织器官，可有多种多样的临床表现，病程中有时呈无症状的潜伏状态。梅毒也称霉疮，广疮，棉花疮，杨梅疮。
1936,死肌,duguji,https://baike.duguji.cn/baike/w/%E6%AD%BB%E8%82%8C,,症名。指肌肉麻木不仁、活动不灵。《神农本草经》卷二：“雄黄……主死肌。”“云母，味甘平，主身皮死肌……”参见不仁、肌肤不仁、皮肤不仁条。
1953,淋巴结炎,duguji,https://baike.duguji.cn/baike/w/%E6%B7%8B%E5%B7%B4%E7%BB%93%E7%82%8E,,在人们生活中常有人在患感冒或其它感染后，颈部、耳后、腋下或腹股沟处可出现如玻璃球大小的结节，局部红肿压痛，按之坚硬，这就是患了淋巴结炎。
1952,淋巴结核,duguji,https://baike.duguji.cn/baike/w/%E6%B7%8B%E5%B7%B4%E7%BB%93%E6%A0%B8,,淋巴结核，中医称之为瘰疬，是体现于肌表的毒块组织，是由肝肺两方面的痰毒热毒凝聚所成。西医则指，人体内有专事于清毒杀毒从而保护血管组织的淋巴系统，遭遇来自体内外无法清除杀灭的毒菌，凝聚和集结于肌表组织形成的毒瘤。
1954,淋巴结结核,duguji,https://baike.duguji.cn/baike/w/%E6%B7%8B%E5%B7%B4%E7%BB%93%E7%BB%93%E6%A0%B8,,淋巴结结核发病原因有两种：一种是结核肝菌通过上呼吸道或随食物在口腔及鼻咽部尤其是扁桃体腺引起的原发灶上感染。后沿淋巴管到达颈部浅深层淋巴结。各部位多为单侧性淋巴结。受累咽部。重发病以上吸收后受累淋巴结核仍继续发展形成冷脓肿或溃疡。
1960,温病,duguji,https://baike.duguji.cn/baike/w/%E6%B8%A9%E7%97%85,,①多指温热病之泛称。出《素问·六元正纪大论》。症见身热、头痛、呕吐等，但《经》多以“病温”为名。如《素问·生气通天论》：“冬伤于寒，春必病温。”《灵枢·论疾诊尺》：“尺肤热甚，脉盛躁者，病温也。”《素问·评热病论》：“有病温者，汗出辄复热而脉躁疾，不为汗衰，狂言，不能食，病名阴阳交，……”温病具有起病急，热势甚，传变快，易于伤津化燥伤津的特点。当按卫气营血与三焦辨证法辨证论治。分别选用（或合用）解表、疏卫、清气、凉营、凉血、和解、育阴生津、通下、开窍、息风、回阳固脱、通下等法。温热病大致包括风温、春温、暑温、秋温、冬温、秋燥、温毒、伏气温病、温疟、晚发。详见有关各条。
1970,溃疡,duguji,https://baike.duguji.cn/baike/w/%E6%BA%83%E7%96%A1,,溃疡，病证名。《周礼·天官》：“疡医下士八人，掌肿疡、溃疡……”中医习惯上把自溃或切开的疮面统称为溃疡，有别于现代医学所指缺乏愈合倾向的疮面为溃疡的含义。中医溃疡多属虚证。治宜调补气血，醒脾健胃，组方可用十全大补汤、人参养荣汤等；外治可用各类去腐生肌散（膏）。如溃后仍焮肿而痛者，为热毒未尽，应以清热解毒为主。证治可参见痈、疽、疮疡各条。
1976,炭疽,duguji,https://baike.duguji.cn/baike/w/%E7%82%AD%E7%96%BD,,炭疽是由炭疽芽孢杆菌（Bacillus authracis）引起的传染性疾病。该病是牛、马、羊等动物传染病，但偶尔也可传染给从事皮革、畜牧工作的人员，该细菌由Robert Koch在1877年首次发现。
1975,炎症,duguji,https://baike.duguji.cn/baike/w/%E7%82%8E%E7%97%87,,炎症（inflammation）就是平时所说的“发炎”，是生物组织受到某种刺激如外伤、感染等损伤因子的刺激所发生的一种以防御反应为主的基本病理过程。炎症的局部表现为红、肿、热、痛和功能障碍，也伴有发热、末梢血白细胞计数改变等全身反应。通常情况下，炎症是有益的，是人体的自动的防御反应（虽然病人可能感觉到疼痛等不适）。但是有的时候，炎症也是有害的，例如对人体自身组织的攻击、发生在透明组织的炎症等等。
1983,热毒疮疡,duguji,https://baike.duguji.cn/baike/w/%E7%83%AD%E6%AF%92%E7%96%AE%E7%96%A1,,病证名。出《证治准绳·幼科》。为热毒蕴积而引起疮疡。临床表现以局部出现焮红、作痛、发肿、发痛。热毒炽盛，累及脏腑则可出现里热的证候，如烦热、便秘等。治宜清热解毒，如仙方活命饮、五味消毒饮之类。
1981,烫伤,duguji,https://baike.duguji.cn/baike/w/%E7%83%AB%E4%BC%A4,,烫伤常见低热烫伤，低热烫伤又可称为低温烫伤。是因为皮肤长时间接触高于体温的低热物体而造成的烫伤。烫伤后轻则局部红斑，次则水疱，重则皮肉焦黑或筋骨外露，损及脏腑。属中医“水火烫伤”范畴。
1988,热痹,duguji,https://baike.duguji.cn/baike/w/%E7%83%AD%E7%97%B9,,热痹，病名。热毒流注关节，或内有蕴热，复感风寒湿邪，与热相搏而致的痹症。又称脉痹。出《素问·四时刺逆从论》。《证治准绳·痹》：“热痹者，脏府移热，复遇外邪，客搏经络，留而不行，阳遭其阴，故（疒帬）痹熻然而闷，肌肉热极，体上如鼠走之状，唇口反裂，皮肤色变。”并可见关节红肿热痛，发热，烦闷，口渴等症。治以清热祛邪，宣痹止痛，用白虎加桂枝汤、升麻汤。热毒盛者，用《千金要方》犀角汤加减。本病见于风湿性关节炎活动期、类风湿性关节炎及痛风急性发作期。
1994,牛皮癣,duguji,https://baike.duguji.cn/baike/w/%E7%89%9B%E7%9A%AE%E7%99%A3,,"牛皮癣属中医病名。是一种慢性顽固性皮肤瘙痒之疾病,相当于神经性皮炎。因其好发于颈部，状如牛领之皮，厚而且坚而得名。临床特点为皮肤苔藓化，肥厚粗糙，瘙痒剧烈，病程缓慢，反复发作，常数年不愈，愈后易复发。"
2006,疟母,duguji,https://baike.duguji.cn/baike/w/%E7%96%9F%E6%AF%8D,,疟母，病证名。疟疾日久不愈，顽痰挟瘀结于胁下所形成的痞块。又称疟积、母疟、劳疟。《金匮要略·疟病脉证并治》：“病疟以月一日发，当以十五日愈，设不差，当月尽解。如其不差，当云何？师曰：此结为症瘕，名曰疟母。急治之，宜鳖甲煎丸。”《张氏医通》卷三：“疟母者，顽痰挟血食而结为症瘕。”治以削坚散结，破症化瘀，用鳖甲煎丸，或小柴胡加鳖甲、蓬术、桃仁。虚人久疟，时止时发，可先予芎归鳖甲饮；不应，为脾虚，急用补中益气汤加鳖甲，扶正祛邪；少食痞闷者，用四兽饮加鳖甲、当归、蓬术、肉桂。虚人疟母，必用补益。久症不愈，必有留滞，须加鳖甲消之；如无留滞，只宜补益。参见劳疟条。
2016,疮疖,duguji,https://baike.duguji.cn/baike/w/%E7%96%AE%E7%96%96,,病名。指疮疡之发于体表、毒势轻浅者。
2032,痈疮,duguji,https://baike.duguji.cn/baike/w/%E7%97%88%E7%96%AE,,痈疮，病名。指溃疡之一种，外痈成脓溃破后久不愈者。出《诸病源候论》卷五十。有：“热气乘之，热胜于寒，则血肉腐败，化为脓，脓溃之后，其疮不瘥，故曰痈疮。”证治详见外痈、溃疡条。
2043,痔疮,duguji,https://baike.duguji.cn/baike/w/%E7%97%94%E7%96%AE,,痔疮是人体直肠末端粘膜下和肛管皮肤下静脉丛发生扩张和屈曲所形成的柔软静脉团，多见于经常站立者和久坐者。包括内痔、外痔、混合痔，是肛门直肠底部及肛门粘膜的静脉丛发生曲张而形成的一个或多个柔软的静脉团的一种慢性疾病。中医认为此病多为湿热蕴结肠道，瘀毒内结，气机不畅所致。
2046,痞块,duguji,https://baike.duguji.cn/baike/w/%E7%97%9E%E5%9D%97,,①泛指腹内肿块。《丹溪心法·积聚痞块》：“痞块在中为痰饮，在右为食（一云“痰”），积在左为血块，气不能作块成聚，块乃有形之物也，痰与食积、死血而成也。”《杂病广要·积聚》：“大抵积块者，皆因一物为之根，而血涎裹之，乃成形如杯如盘，按之坚硬也。食积败血，脾胃有之，痰涎之积，左右皆有之。”
2044,痔瘘,duguji,https://baike.duguji.cn/baike/w/%E7%97%94%E7%98%98,,*《自我调养巧治病》- 痔瘘
2049,痤疮,duguji,https://baike.duguji.cn/baike/w/%E7%97%A4%E7%96%AE,,痤疮，俗称青春痘、粉刺、暗疮，中医古代称面疮，酒刺。是一种毛囊皮脂腺的慢性炎症性疾病，其发生主要与青春期后皮脂过多、毛囊皮脂腺导管堵塞、细菌继发感染和炎症反应等因素密切相关。其主要表现为，皮肤颜色的白头粉刺和黑头粉刺，或炎性丘疹、结节、囊肿，严重时还形成脓肿，甚至破溃流脓。
2050,痧,duguji,https://baike.duguji.cn/baike/w/%E7%97%A7,,①腹痛、吐泻之因于感受秽浊不正之气，或由暑热之气或饮食壅滞于中而触发。名之曰痧，或名痧气、痧胀。以夏秋季令较为多见。《痧胀玉衡》卷上：“痧症先吐泻而心腹绞痛者，从秽气痧发者多；先心腹绞痛而吐泻者，从暑气痧发者多；心胸昏闷，痰涎胶结，从伤暑伏热痧发者多；遍身肿胀、疼痛难忍，四肢不举，舌强不言，从寒气冰伏过时，郁为火毒而发痧者多。”《急救痧症全书》卷：“痧者，厉气也，入气分则作肿作胀，入血分则为蓄为瘀，遇食积痰火则气阻血滞。《痧症全书·论痧》：“古无痧字，……惟霍乱条下有不吐泻而腹绞痛者，曰干霍乱，亦名绞肠痧，缘南方体气不实之人，偶触粪土沙秽之气，多腹痛闷乱，名之曰痧，即沙字之讹字也。”由此可见，前人或有将霍乱赅括于痧病之内者。治宜内服平安散、散痧汤、武候行军散等方；外治可用括痧法或刺法、推拿等。在饮食宜忌方面，前人有“最忌热汤热酒”之说。痧证分种，如热痧、暑痧、温痧、寒痧、阳痧、阴痧、绞肠痧等。参见有关各条及痧胀条。
2060,痱子,duguji,https://baike.duguji.cn/baike/w/%E7%97%B1%E5%AD%90,,痱子又称“热痱”，“红色粟粒疹”，是由于在高温闷热环境下，出汗过多，汗液蒸发不畅，导致汗管堵塞、汗管破裂，汗液外渗入周围组织而引起。
2063,痿躄,duguji,https://baike.duguji.cn/baike/w/%E7%97%BF%E8%BA%84,,痿躄，病名。痿之又名。主要指四肢痿弱、足不能行。《素问·痿论》：“五脏因肺热叶焦，发为痿躄。”《顾氏医镜》：“言五脏之痿，皆因于肺气之热，致五脏之阴俱不足而为痿躄。五痿虽异，总曰痿躄。”参见痿条。
2089,白癜风,duguji,https://baike.duguji.cn/baike/w/%E7%99%BD%E7%99%9C%E9%A3%8E,,白癜风，是一种后天性局限性或泛发性皮肤色素脱失病。由于皮肤的黑素细胞功能消失引起，但机制还不清楚。全身各部位可发生。其主要表现为，局部皮肤呈乳白色斑，边缘清楚，周围皮色较深，斑内毛发亦变白，表面光滑，但一般不痛不痒，如果白斑面积较大，在夏日暴晒后，偶尔会有烧灼感。
2092,皮炎,duguji,https://baike.duguji.cn/baike/w/%E7%9A%AE%E7%82%8E,,皮炎代表皮肤对于化学制剂、蛋白、细菌与真菌等种种物质的变应性反应。皮炎是泛指，泛指皮肤的炎症，可以由多种疾病导致皮炎。比如常见的接触性皮炎、日光性皮炎、脂溢性皮炎等。每种皮炎的临床特点不尽相同，应加以区分，对因治疗，方有可能最好的治疗皮炎。
2094,皮肤溃疡,duguji,https://baike.duguji.cn/baike/w/%E7%9A%AE%E8%82%A4%E6%BA%83%E7%96%A1,,皮肤溃疡是中医外科常见病、多发病，是以皮肤溃疡为主要临床表现长期不能愈合为临床特征，皮肤组织缺损液化感染坏死的一种体表疾病，此处泛指中医外科疮疡类溃后长期未愈者。由于疮面难以愈合且消耗甚大，给患者造成了很大的心理压力和经济损失，严重影响患者的身体健康及生活质量。
2105,眼底出血,duguji,https://baike.duguji.cn/baike/w/%E7%9C%BC%E5%BA%95%E5%87%BA%E8%A1%80,,"眼底出血不是一种独立的眼病，而是许多眼病和某些全身疾病所共有的特征。常见于高血压视网膜病变、糖尿病及肾病引起的视网膜病变。视网膜静脉周围炎、视网膜静脉阻塞、视盘血管炎以及血液病引起视网膜病变，眼外伤性眼底出血。由于各种不同的病因导致相同的病理损害，如视网膜出血，渗出,微血管瘤、新生血管等。"
2108,破伤风,duguji,https://baike.duguji.cn/baike/w/%E7%A0%B4%E4%BC%A4%E9%A3%8E,,破伤风是由破伤风梭菌侵入人体伤口后，在厌氧环境下生长繁殖，产生嗜神经外毒素而引起全身肌肉强直性痉挛为特点的急性传染病。重型患者可因喉痉挛或继发严重肺部感染而死亡，新生儿破伤风由脐带感染引起，病死率很高。中医亦称“破伤风”，是指先有破伤，风毒之邪由创口侵入而引起惊风的一种疾病。
2109,秃疮,duguji,https://baike.duguji.cn/baike/w/%E7%A7%83%E7%96%AE,,秃疮，又名“白秃疮”，俗称“白鬎鬁“（音辣利）。生在头上，初起白痂，搔痒难忍，蔓延成片，久则发枯脱落，形成秃斑，但癒后毛发常可再生。多由不洁的理发工具或梳、帽等传染而致。本病类于白癣。
2113,筋挛,duguji,https://baike.duguji.cn/baike/w/%E7%AD%8B%E6%8C%9B,,筋挛，证名。即筋瘛。指肢体筋脉挛急抽瘛。《灵枢·刺节真邪》认为系虚邪搏于筋所致。除感邪因素外，亦可由津血亏耗，筋脉失荣致病。多见于痹病、痉病、中风等病。《张氏医通·挛》：“《内经》言挛皆属肝，肝主筋故也。有热有寒，有虚有实。热挛者，经所谓肝气热则筋膜干，筋膜干则筋急而挛，六味丸加牛膝、当归之类；因于湿，首如裹，湿热不攘，大筋软短，小筋弛张，软短为拘，弛张为痿，先（口畜）瓜蒂散，次与羌活胜湿汤；虚邪搏筋则筋急，五积散；血虚则筋急，增损四物汤；剧劳筋脉拘急疼痛少眠者，黄芪丸，更于暖室中近火按摩为佳；虚风袭于经脉，手足拘挛，屈伸短缩，腹痛，爪甲唇俱青，转筋不思饮食，甚则舌卷囊缩，木瓜散；拘挛瘫痪，口目斜，骨节疼酸，行步不正者，舒筋三圣散，痹湿筋挛骨痛者，续断丸；误汗漏风，筋挛缩急，或方士用木鳖发汗；见风筋脉拘挛者，并宜桂枝汤加归、附……”参见筋急、痹、痉、中风等条。
2120,类风湿性关节炎,duguji,https://baike.duguji.cn/baike/w/%E7%B1%BB%E9%A3%8E%E6%B9%BF%E6%80%A7%E5%85%B3%E8%8A%82%E7%82%8E,,类风湿性关节炎具体病因尚未完全明确，目前认为其病因与环境因素、病毒感染、遗传、性激素及神经精神状态等因素密切相关：
2121,红斑狼疮,duguji,https://baike.duguji.cn/baike/w/%E7%BA%A2%E6%96%91%E7%8B%BC%E7%96%AE,,红斑狼疮是一个累及身体多系统多器官，临床常见类型为盘状红蝴蝶疮和系统性红蝴蝶疮。其特点是盘状红蝴蝶疮好发于面颊部，主要表现为皮肤损害，多为慢性局限性。属中医“红蝴蝶疮”范畴。
2122,红疹,duguji,https://baike.duguji.cn/baike/w/%E7%BA%A2%E7%96%B9,,红疹（exanthema），是指丘形小粒，高出於皮肤表面，呈界限性突起的红色疹子而言。可见于多种皮肤病，过敏反应较为常见。因根据具体病因导致的红疹而施展治疗。
2129,结核,duguji,https://baike.duguji.cn/baike/w/%E7%BB%93%E6%A0%B8,,结核病（Tuberculosis）俗称痨病，是由结核杆菌引起的全身性传染性疾病。一年四季都可以发病，15岁到35岁的青少年是结核病的高发峰年龄。潜伏期4～8周。人与人之间呼吸道传播是本病传染的主要方式。传染源是接触排菌的肺结核患者。
2131,结胸,duguji,https://baike.duguji.cn/baike/w/%E7%BB%93%E8%83%B8,,结胸，证名。因邪气内结，胸腹胀满疼痛，手不可近之证。因太阳病、太少并病误下，表热内陷或实邪传里，与胸中水饮互结所致。《伤寒论·辨太阳病脉证并治》：“太阳病，脉浮而动数，……医反下之，动数变迟，膈内拒痛，胃中空虚，客气动膈，短气躁烦，心中懊憹，阳气内陷，心下因硬，则为结胸，大陷胸汤主之。”“结胸者，项亦强，如柔痉状，下之则和，宜大陷胸丸。”“太阳少阳并病，而反下之，成结胸，心下硬，下利不止，水浆不下，其人心烦。”“伤寒十余者，热结在里，复往来寒热者，与大柴胡汤；但结胸，无大热者，此为水结在胸胁也，但头微汗出者，大陷胸汤主之。”“太阳病，重发汗，而复下之，不大便五六日，舌上燥而渴，日晡所小有潮热，从心下至少腹硬满而痛，不可近者，大陷胸汤主之。”因证候、病情不同，有大结胸、小结胸、寒结胸、热结胸、水结胸、血结胸之分，详见各条。
2134,绦虫病,duguji,https://baike.duguji.cn/baike/w/%E7%BB%A6%E8%99%AB%E7%97%85,,绦虫病是指寄生人体的各种绦虫所引起的疾病，我国所见主要是猪肉绦虫或牛肉绦虫病。本病的流行和饮食习惯及猪、牛饲养方法不当有密切关系。中医称绦虫为“白虫”、“寸白虫”。
2137,翳障,duguji,https://baike.duguji.cn/baike/w/%E7%BF%B3%E9%9A%9C,,中医泛指视觉被阻隔或视力障碍。《卫生易简方·卷之七》：“明眼去翳障，久服视物鲜明。”达美君 主编.简明中医语词辞典.上海：上海科学技术出版社.2004.第796页.
2139,聤耳,duguji,https://baike.duguji.cn/baike/w/%E8%81%A4%E8%80%B3,,聤耳(suppurative otitis media)，发生于中耳部的急性或慢性化脓性耳病。其特征是急性发作者，初起耳内瘙痒，继而暴肿赤热，剧烈跳痛，耳窍流脓，伴有怕冷、发热等全身症状；慢性发作者，初起耳内胀痛，继而耳窍流脓，疼痛减轻，有全身不适，发热等症状。因有耳窍流脓，所以又叫耳脓。相当于西医的化脓性中耳炎。治疗以清肝火，化湿热为原则。
2143,肝炎,duguji,https://baike.duguji.cn/baike/w/%E8%82%9D%E7%82%8E,,肝炎是肝脏的炎症。肝炎的原因不同，最常见的是病毒造成的，此外还有自身免疫造成的。肝炎的早期症状及表现，如：食欲减退，消化功能差，进食后腹胀，没有饥饿感；厌吃油腻食物等。中医定其病位不全在肝，而肝炎之病无论属于何证，亦多与湿浊内蕴相关。
2142,肝火眩晕,duguji,https://baike.duguji.cn/baike/w/%E8%82%9D%E7%81%AB%E7%9C%A9%E6%99%95,,肝火眩晕，病证名。肾阴不足，肝火上亢所致的眩晕。《证治汇补·眩晕章》：“肝火眩晕，黑瘦人肾水亏少，肝枯木动，复挟相火，上踞高巅而眩晕。”证见头晕头痛，面红升火，口苦目赤，舌质红，脉弦数。偏火旺者，治宜清肝泻火，用龙胆泻肝汤；偏阴虚者，治宜滋阴降火，用知柏地黄丸。本症见于高血压等病症。参见眩晕条。
2146,肝硬化,duguji,https://baike.duguji.cn/baike/w/%E8%82%9D%E7%A1%AC%E5%8C%96,,肝硬化是临床常见的慢性进行性肝病，指由一种或多种病因长期或反复作用形成的以肝组织弥漫性纤维化、假小叶和再生结节为组织学特征的弥漫性肝损害。肝硬化在临床上分为肝功能代偿期及肝功能失代偿期，此两期分别属于中医“积聚”、“臌胀”的范畴。
2150,肝胃气痛,duguji,https://baike.duguji.cn/baike/w/%E8%82%9D%E8%83%83%E6%B0%94%E7%97%9B,,肝胃气痛，病证名。情志郁结，肝气犯胃所致的胃痛。见《柳选四家医案·环溪草堂医案》。《类证治裁·胃脘痛》：“因肝乘胃而脘痛者，气冲胁胀，当辛酸制木，吴萸、白芍、青皮、木瓜、厚朴、延胡、金橘。”
2152,肝脾肿大,duguji,https://baike.duguji.cn/baike/w/%E8%82%9D%E8%84%BE%E8%82%BF%E5%A4%A7,,肝脾肿大是指肝脏和脾脏均增大。肝脾一般在肋下不能触及，当内脏下垂或横膈下降或深吸气时，肝脾才能被触及，但不超过肋下1cm，且质地较软。肝脾肿大常见于慢性肝炎、伤寒、血吸虫病、肝硬化早期、白血病时；粒细胞白血病时，可见高度脾肿大。
2153,肠出血,duguji,https://baike.duguji.cn/baike/w/%E8%82%A0%E5%87%BA%E8%A1%80,,肠缺血是指供应肠道血液的血管因某种原因发生阻塞，致使肠道的血液来源减少或丧失，不能供肠道的生理活动所需，肠壁发生淤血、水肿或溃疡，严重者还可发生坏死、出血、穿孔和腹膜炎。
2154,肠炎,duguji,https://baike.duguji.cn/baike/w/%E8%82%A0%E7%82%8E,,肠炎是细菌、病毒、真菌和寄生虫等引起的胃肠炎、小肠炎和结肠炎。临床表现有恶心、呕吐、腹痛、腹泻、稀水便或粘液脓血便。部分病人可有发热及里急后重感觉，故亦称感染性腹泻。
2158,肠绞痛,duguji,https://baike.duguji.cn/baike/w/%E8%82%A0%E7%BB%9E%E7%97%9B,,“肠绞痛”是大肠痉挛所造成的疼痛，经常让小宝宝哭闹个不停，甚至能够持续哭闹个1-2小时。由于婴儿不会讲话，对于身体的不适，只会以啼哭做为主要的肢体语言。婴儿肠绞痛的特点为间歇性的哭闹。
2159,肠风,duguji,https://baike.duguji.cn/baike/w/%E8%82%A0%E9%A3%8E,,中医病名。肠风为便血的一种，指因外感得之，血清而色鲜，多在粪前，自大肠气分而来的便血。临床所见多为实证，常用凉血泻热，息风宁血法治疗，药酒亦不离此原则。
2172,肺炎,duguji,https://baike.duguji.cn/baike/w/%E8%82%BA%E7%82%8E,,肺炎是指终末气道、肺泡和肺间质的炎症，可由疾病微生物、理化因素、免疫损伤、过敏及药物所致。细菌性肺炎是最常见的肺炎，也是最常见的感染性疾病之一。中医上认为肺炎常因外感风邪和劳倦过度导致肺失宣降、痰热郁阻而发病。
2176,肺燥咳嗽,duguji,https://baike.duguji.cn/baike/w/%E8%82%BA%E7%87%A5%E5%92%B3%E5%97%BD,,肺燥咳嗽，病名。肺虚液少或燥邪伤肺所致的咳嗽。其证咳嗽痰少，喉中声哑，烦渴引饮，大便秘涩，肌肤枯燥。《症因脉治·伤燥咳嗽》：“天行燥烈，燥从火化，肺被燥伤则必咳嗽。”《不居集》卷十五：“肺燥咳嗽，金性喜清润，润则生水，以滋脏腑。若本体一燥，则水源渐竭，火无所制，金受火燥，则气自乱而咳嗽，嗽则喉干声哑，烦渴引饮，痰结便闭，肌肤枯燥，形神虚萎，脉必虚数，久则涩数无神。”《金匮翼·燥咳》：“肺燥者，肺虚液少而燥气乘之也。其状咳甚而少涎沫，咽喉干，气哽不利。子和云：燥乘肺者，气壅不利，百节内痛，皮肤干燥，大便秘涩，涕唾稠粘。”治宜清燥润肺，用润肺止嗽方、清燥救肺汤、门冬饮子等。参见咳嗽、伤燥咳嗽条。
2181,肺虚咳嗽,duguji,https://baike.duguji.cn/baike/w/%E8%82%BA%E8%99%9A%E5%92%B3%E5%97%BD,,咳嗽的一种。多因肺阴不足所致。症见咳嗽少痰，或痰中带血，形体消瘦，心烦失眠，午后潮热，面红颧赤等。治宜养阴清肺，化痰止咳，用月华丸加减。也有肺气虚者，症见咳嗽气喘，咳声低微，易汗，脉软无力，宜补益肺气，用温肺汤(《类证治裁》：白术、半夏、干姜、五味子、细辛、枳壳、肉桂)。
2185,肾小球肾炎,duguji,https://baike.duguji.cn/baike/w/%E8%82%BE%E5%B0%8F%E7%90%83%E8%82%BE%E7%82%8E,,肾小球肾炎，英文拼写为（glomerulonephritis）。肾小球肾炎是以肾小球损害为主的变态反应性炎症，是较为常见的疾病。
2186,肾炎,duguji,https://baike.duguji.cn/baike/w/%E8%82%BE%E7%82%8E,,肾炎是两侧肾脏非化脓性的炎性病变。肾因肾小体受到损害出现浮肿、高血压、蛋白尿等现象，是肾脏疾病中最常见的一种。
2188,肾病综合征,duguji,https://baike.duguji.cn/baike/w/%E8%82%BE%E7%97%85%E7%BB%BC%E5%90%88%E5%BE%81,,肾病综合征表现为大量蛋白尿、低蛋白血症、高度水肿、高脂血症的一组临床症候群。可由多种病因引起，分为原发性、继发性和遗传性三大类，原发性肾病综合征属于原发性肾小球疾病，有多种病理类型构成。见于中医学的水肿、虚劳、腰痛等疾病。
2189,肾绞痛,duguji,https://baike.duguji.cn/baike/w/%E8%82%BE%E7%BB%9E%E7%97%9B,,肾绞痛renal colic又称肾、输尿管绞痛，是由于某种病因使肾盂、输尿管平滑肌痉挛或管腔的急性部分梗阻所造成的，其特点是突然发作剧烈疼痛，疼痛从患侧腰部开始沿输尿管向下腹部、腹股沟、大腿内侧、睾丸或阴唇放射，可持续几分钟或数十分钟，甚至数小时不等。发作时常伴有恶心呕吐、大汗淋漓、面色苍白、辗转不安等症状，严重者可导致休克。
2192,肿瘤,duguji,https://baike.duguji.cn/baike/w/%E8%82%BF%E7%98%A4,,肿瘤（Tumor）是机体在各种致癌因素作用下，局部组织的某一个细胞在基因水平上失去对其生长的正常调控，导致其克隆性异常增生而形成的新生物。一般认为，肿瘤细胞是单克隆性的，即一个肿瘤中的所有瘤细胞均是一个突变的细胞的后代。
2195,胃癌,duguji,https://baike.duguji.cn/baike/w/%E8%83%83%E7%99%8C,,胃癌是我国最常见的恶性肿瘤之一 ，在我国其发病率居各类肿瘤的首位，每年约有17万人死于胃癌 ，几乎接近全部恶性肿瘤死亡人数的1/4，且每年还有2万以上新的胃癌病人产生出来 ，胃癌确实是一种严重威胁人民身体健康的疾病。胃癌可发生于任何年龄，但以40～60岁多见，男多于女，约为2：1。胃癌可发生于胃的任何部位，但多见于胃窦部，尤其是胃小弯侧。未经治疗者平均寿命约为13个月。
2194,胃火牙痛,duguji,https://baike.duguji.cn/baike/w/%E8%83%83%E7%81%AB%E7%89%99%E7%97%9B,,胃火牙痛，病证名。指由于阳明痰火内蕴上攻牙齿而痛，伴龈肿口臭、便秘脉滑。治宜清热泻火涤痰止痛，方选黄连解毒汤。参见牙痛条。
2197,胆囊炎,duguji,https://baike.duguji.cn/baike/w/%E8%83%86%E5%9B%8A%E7%82%8E,,胆囊炎是细菌性感染或化学性刺激(胆汁成分改变)引起的胆囊炎性病变，为胆囊的常见病。本病在中医学上归属于“胆胀”、“胁痛”等病证范畴。
2199,胆绞痛,duguji,https://baike.duguji.cn/baike/w/%E8%83%86%E7%BB%9E%E7%97%9B,,胆绞痛（biliary colic ）是胆石引起胆囊管或胆总管暂时性梗阻而发生的胆管急症。通常，胆绞痛患者突然发病，出现右上腹部痛或上腹疼痛，轻重不一，重者疼痛难忍，痛得打滚，呻吟不止，面色苍白伴大汗，多为间歇性绞痛，也可为持续性痛，疼痛可向右肩或左上背部放射，伴恶心和呕吐。
2222,脾虚泄泻,duguji,https://baike.duguji.cn/baike/w/%E8%84%BE%E8%99%9A%E6%B3%84%E6%B3%BB,,脾虚泄泻，病证名。由脾气虚，或病后过服寒凉，或饮食失节，或劳倦伤脾所致之泄泻。《症因脉治·脾虚泄泻》：“脾虚泄泻之证，身弱怯冷，面色萎黄，手足皆冷，四肢倦怠，不思饮食，时时泻薄。”其脉多虚濡或沉缓。治以温运健脾为主，选用理中汤、附子理中丸、参苓白术散、四君子汤等方。参见脾泄、泄泻等条。
2224,腮腺炎,duguji,https://baike.duguji.cn/baike/w/%E8%85%AE%E8%85%BA%E7%82%8E,,腮腺炎脑膜脑炎可发生在腮腺肿大之前(有的始终无腮腺肿大)，难与其他病毒所致者相鉴别，可借助于上述血清学检查、病毒分离以及流行病学调查来确诊。
2232,腹中痞块,duguji,https://baike.duguji.cn/baike/w/%E8%85%B9%E4%B8%AD%E7%97%9E%E5%9D%97,,腹中痞块为症状名。指用手按压腹部可触及腹内肿块存在的表现。需进一步确定肿块的部位、质地、大小、活动度等。
2233,腹满,duguji,https://baike.duguji.cn/baike/w/%E8%85%B9%E6%BB%A1,,腹满，证名。指腹部痞满或满胀。《素问·脏气法时论》：“脾病者，……虚则腹满肠鸣，飧泄，食不化。”成无己谓：“腹满者，俗谓之肚胀是也。”（《伤寒明卫生论》卷一）当辨其虚实寒热。《本经疏证》卷三：“胀满而按之痛者为实，不痛者为虚；胀满而时能减者为寒，不减者为热。厚朴生姜甘草人参汤、大建中汤、附子粳米汤，虚而寒者之治也；大承气汤、大柴胡汤、厚朴七气汤、厚朴三物汤，实而热者之治也。”亦可见于臌胀、蛊胀等病。参见腹胀、鼓胀等条。
2236,腿痛,duguji,https://baike.duguji.cn/baike/w/%E8%85%BF%E7%97%9B,,腿痛，证名。指腿部疼痛（包括肌肉、筋脉和关节）《张氏医通·腿痛》：“腿痛亦属六经。……痛有血虚、血寒、寒湿、风湿、湿热流注、阴虚阳虚、肾虚风袭之殊。”因于寒者，腿痛较轻，或麻或肿，畏寒喜暖，当予温散，用白术附子汤、舒筋三圣散等方；因于湿热者，腿痛或上或下，或红肿，或热，小便黄赤，亦清热化湿，用当归拈痛汤等方；湿痰流注于经络者，症见腰胁有块，两腿交替疼痛，痛无定处，泛恶眩晕等，宜燥湿化痰，用二陈汤加羌活、白术等；肾虚风袭者，用安肾汤；阴虚宜六味地黄丸；阳虚宜金匮肾气丸。并可适当加用引经药以增强疗效。
2237,膏淋,duguji,https://baike.duguji.cn/baike/w/%E8%86%8F%E6%B7%8B,,膏淋，病名。五淋之一。一名肉淋。此病以小便混浊，或如米泔，或如膏脂为主症。《素问·六元正纪大论》：“不远热则热至，热至则淋閟之病生焉。”后世认为膏淋以肾虚或湿热蕴蒸为主要病理。《诸病源候论·淋病诸候》：“膏淋者，淋而有肥状似膏，故谓之膏淋，亦曰肉淋。此肾虚不能制于肥液，故与小便俱出也。”《证治要诀·淋闭》：“有似淋非淋，小便色如米泔，或便中有如鼻涕之状，此乃精液俱出，精塞窍道，故便欲出不能而痛，……此即膏淋。”因于湿热蕴蒸者，排尿时尿道有灼热感，涩痛较明显。宜清利湿热、通淋止痛法，主用萆薢散，或八正散加川萆薢、石莲子。因于脾肾虚者，宜补脾益肾、固涩消脂，用鹿角霜丸、菟丝子丸、六味地黄丸、补中益气汤加减。膏淋多见于乳糜尿、泌尿系统感染及前列腺炎等病。参见五淋、淋等条。
2239,膝关节疼痛,duguji,https://baike.duguji.cn/baike/w/%E8%86%9D%E5%85%B3%E8%8A%82%E7%96%BC%E7%97%9B,,老寒腿的主要症状，多为膝关节疼痛。反复发作、久治不愈的腿部(多为膝关节)酸麻疼痛，统称为老寒腿。
2242,膝痛,duguji,https://baike.duguji.cn/baike/w/%E8%86%9D%E7%97%9B,,膝痛的治疗方法包括病因治疗、对症治疗等，其中病因治疗史最主要的。因为导致膝痛的疾病非常多，不可能每一种疾病都用止痛来治疗，而不管其深在的基本病因。所以正确诊断导致膝痛的疾病才是最首要的问题。外伤导致膝痛，如不严重，可自愈，若较为严重，可能需要手术，比如髌骨骨折等。如果是类风湿性关节炎所引起的膝盖疼痛，抗风湿治疗最主要，详情请阅读类风湿性关节炎，如果为痛风，则就针对痛风的病因治疗，比如用别嘌呤醇等，急性期可用秋水仙碱、抗炎镇痛药等。
2247,药物中毒,duguji,https://baike.duguji.cn/baike/w/%E8%8D%AF%E7%89%A9%E4%B8%AD%E6%AF%92,,药物中毒是指用药剂量超过极量而引起的中毒。误服或服药过量以及药物滥用均可引起药物中毒。常见的致中毒药物有西药，中药和农药。发病突然，自觉灼热瘙痒，重者伴有发热，倦怠，全身不适，纳差，大便干，小便黄赤等全身症状。属中医“药毒”范畴。
2250,虚劳失精,duguji,https://baike.duguji.cn/baike/w/%E8%99%9A%E5%8A%B3%E5%A4%B1%E7%B2%BE,,虚劳失精，病证名。肾气虚损所致的失精证。《诸病源候论·虚劳失精候》：“肾气虚损，不能藏精，故精漏失。”症见小腹弦急，阴头寒，目眩，目眶痛，发落，或虚烦，心悸，脉数而散，或芤迟，或芤动微紧。治宜补肾固精，用黄芪散、龙骨散、桂枝龙牡汤等方。参见遗精条。
2249,萎黄,duguji,https://baike.duguji.cn/baike/w/%E8%90%8E%E9%BB%84,,萎黄，病名。皮肤色黄枯槁不泽。见《证治心得》。多属脾胃虚弱，气血不足的虚证。常兼神疲倦怠，语言低微，畏冷便溏，脉形无力等证。治宜培补脾胃，补养气血。因虫积引起者，则当驱虫消积，再予补益。本证多见于贫血等慢性病。
2252,虫积腹痛,duguji,https://baike.duguji.cn/baike/w/%E8%99%AB%E7%A7%AF%E8%85%B9%E7%97%9B,,虫积腹痛，病证名。肠寄生虫积聚所致的腹痛。见《症因脉治》卷四。症见腹中有块，块或扛起，痛而能食，时吐清水，或下长虫，面见白点，唇无血色，或爱食一物，肚大青筋。治宜驱虫，用使君子散、乌梅丸、雄黄槟榔丸等方。腹中有块，秘方万应丸；时下长虫，用化虫丸；日常调理宜用健脾消积之药。参见腹痛、虫痛条。
2255,蚀疮,duguji,https://baike.duguji.cn/baike/w/%E8%9A%80%E7%96%AE,,蚀疮，病名。阴蚀之又名。赵贞观《绛雪丹书》：“凡妇人阴户中生虫生疮，名曰蚀疮。”详阴蚀条。
2259,蛔厥,duguji,https://baike.duguji.cn/baike/w/%E8%9B%94%E5%8E%A5,,蛔厥，病证名，厥证之一。即蚘厥。临床以蛔虫病吐蛔、四肢逆冷作厥的主证。《医林绳墨·厥》：“有蛔厥者，胃中虚冷，蛔水能养，妄行于上，致令上吐，蛔虫多出，心气虚惊，彷惶不宁，致使手足冰冷而作厥也，故曰蛔厥。治宜安蛔暖胃，如二陈汤加吴萸、干姜、白术、黄连、乌梅之类。”参见厥证、蚘厥条。
2260,蛔虫,duguji,https://baike.duguji.cn/baike/w/%E8%9B%94%E8%99%AB,,蛔虫是无脊椎动物，线形动物门，线虫纲，蛔目，蛔科。是人体肠道内最大的寄生线虫，成体略带粉红色或微黄色，体表有横纹，雄虫尾部常卷曲。 蛔虫是世界性分布种类，是人体最常见的寄生虫，感染率可达70%以上，农村高于城市，儿童高于成人。蛔虫可导致蛔虫病，详见蛔虫病词条。
2261,蛔虫病,duguji,https://baike.duguji.cn/baike/w/%E8%9B%94%E8%99%AB%E7%97%85,,蛔虫病是由似蚓蛔线虫寄生于人体小肠或其他器官所引起的最常见寄生虫病，临床表现依寄生或侵入部位，感染程度不同而有很大差异，仅限于肠道时称肠蛔虫病。多数肠蛔虫病无自觉症状，儿童患者常有不同程度的消化道症状。属中医“蛔虫病”范畴。
2263,蛲虫病,duguji,https://baike.duguji.cn/baike/w/%E8%9B%B2%E8%99%AB%E7%97%85,,蛲虫病，病名。九虫病之一。是寄生于肠道，临床以肛门痒、虫从肛门溢出为主症的常见多发生性虫病，以小儿患者为多见。《太平圣惠方》卷六十：“蛲虫……在于肠间，若脏腑气实，则虫不妄动，胃弱肠虚，则蛲虫乘之。重者成疮，或虫从肛门溢出。轻者浸蚀肛门，但痒也。”可兼见面色（白光）白、烦惊不安等症。内服化虫丸等方，外用蜣螂丸塞肛门，或百部液、大蒜液灌肠。参见九虫条。
2265,血友病,duguji,https://baike.duguji.cn/baike/w/%E8%A1%80%E5%8F%8B%E7%97%85,,血友病分为A、B两型。血友病A是凝血因子VIII缺乏所导致的出血性疾病，约占先天性出血性疾病的85%。血友病B，称因子IX缺乏症，发病率约1.0～1.5/105，占血友病的15%～20%。
2266,血吸虫病,duguji,https://baike.duguji.cn/baike/w/%E8%A1%80%E5%90%B8%E8%99%AB%E7%97%85,,血吸虫病是由血吸虫成虫寄生于人体所引起的地方性疾病，主要流行于亚、非、拉美的73个国家，患病人数约2亿。临床症见肉芽肿反应破坏了宿主正常组织，不断生成的虫卵肉芽肿形成相互连接的疤痕，导致干线型肝硬变及肠壁纤维化等一系列病变。属中医蛊痢、蛊胀、血蛊、水毒、水症、水瘕、单腹胀、鼓胀病等范畴。
2273,血热崩漏,duguji,https://baike.duguji.cn/baike/w/%E8%A1%80%E7%83%AD%E5%B4%A9%E6%BC%8F,,血热崩漏，病证名。崩漏证型之一。多因热伤冲任，迫血妄行所致。其热或因素体阳盛，嗜食辛辣；或感受热邪，热郁于内；或素多抑郁，伤肝化火，均导致实证血热崩漏。症见突然阴道大量出血，或淋漓日久不止，血色深红、粘稠，面赤口渴，烦躁不寐，头晕等，治宜清热凉血、止血调经，方用清热固经汤。若症兼胸胁胀痛，心烦易怒，时欲叹息，脉弦者，为肝经火炽，治宜平肝清热，止血调经，用丹栀逍遥散去生姜，加炒蒲黄、血余炭、益母草、香附炭之类；亦有素体阴虚，或更年期阴精渐亏，阴虚内热，虚火为患，症见经来无期，量少淋漓不止或骤然量多，血色深红，头昏耳鸣，心烦潮热等，属虚热崩漏，宜养阴清热，凉血固经，用清热固经汤合生脉散治。
2277,血痢,duguji,https://baike.duguji.cn/baike/w/%E8%A1%80%E7%97%A2,,血痢，病名。痢疾便中多血或下纯血。亦称赤痢。由热毒乘血所致。《诸病源候论·痢病诸候》：“血痢者，热毒折于血，入大肠故也。”临床以血鲜血黯，辨其属热属寒。《秘传证治要诀·痢》治血鲜热痢，用藿香正气散加黑豆，五苓散加木香、粟米，下黄连丸，或黄连阿胶丸、茶梅圆、白头翁汤；冷痢血色黯如瘀，服冷药所下愈多，次数愈频者，用理中汤，或四君子汤加肉豆蔻、木香。参疾病、赤痢、赤白痢条。本病可见于阿米巴痢疾、溃疡性结肠炎、慢性血吸虫病、细菌性痢疾等疾患。
2282,足痿,duguji,https://baike.duguji.cn/baike/w/%E8%B6%B3%E7%97%BF,,足痿，病状名。下肢痿废软弱，行走困难。《素问·痿论》：“阳明虚则宗筋纵，带脉不引，故足痿不用也。”
2280,赤白带下,duguji,https://baike.duguji.cn/baike/w/%E8%B5%A4%E7%99%BD%E5%B8%A6%E4%B8%8B,,赤白带下，病证名。出《备急千金要方》卷四。亦名赤白沥、赤白漏下、妇人下赤白沃等。指妇女带下，其色赤白相杂、味臭者。多因肝郁化热，脾虚聚湿，湿热下注，损及冲任、带脉，以致白带夹胞络之血混杂而成赤白带下。治宜疏肝健脾，清热利湿，方用清肝止淋汤（方见赤带条），或用加减逍遥散（白芍、柴胡、茯苓、甘草、陈皮、茵陈、栀子）。此证尚应注意癌变之可能，当早期诊治。
2291,酒齄鼻,duguji,https://baike.duguji.cn/baike/w/%E9%85%92%E9%BD%84%E9%BC%BB,,酒齄鼻，齄音渣，病名。出自《魏书·王慧龙传》》。古称鼻赤，又名鼻齄、酒齇鼻、肺风疮、肺风粉刺、赤鼻、鼻准红赤。指鼻准发红，久则呈紫黑色，甚者可延及鼻翼，皮肤变厚，鼻头增大，表面隆起，高低不平，状如赘疣的疾病。多由脾胃湿热上熏于肺，血瘀凝结所致。治宜清热、凉血、散结。内服凉血四物汤或清肺饮。形成鼻赘可手术。外用颠倒散凉水调搽。
2293,金疮,duguji,https://baike.duguji.cn/baike/w/%E9%87%91%E7%96%AE,,金疮痉是中医术语，即「破伤风」，指因皮肤破伤处受邪(破伤风杆菌)而致抽风的一种病症。病因血虚不能养筋，病邪由伤口内侵，使风气内动所致。
2295,钩虫病,duguji,https://baike.duguji.cn/baike/w/%E9%92%A9%E8%99%AB%E7%97%85,,"钩虫病钩虫病ancylostomiasis，钩虫寄生于脊椎动物体内引起的疾病。寄生于人体的钩虫主要有十二指肠钩虫(Ancylostomaduodenale)和美洲钩虫(Necatoramericanus);锡兰钩虫(Ancylo-stomaceylanicum)和犬钩虫(Ancylostomacaninum)偶见。感染性钩虫的幼虫生活在泥土中,通过皮肤接触感染；成虫寄生于小肠上段，以吸血为生,可致贫血等症状,甚至危及生命。钩虫病流行广泛，从北纬45°至南纬30°之间的广大地区，尤其是热带和亚热带地区的许多国家几乎都有。"
2298,阑尾炎,duguji,https://baike.duguji.cn/baike/w/%E9%98%91%E5%B0%BE%E7%82%8E,,阑尾炎是指阑尾由于多种因素而形成的炎性改变，是最常见的腹部外科疾病。临床上常有右下腹部疼痛、体温升高、呕吐和中性粒细胞增多等表现。
2297,闪腰,duguji,https://baike.duguji.cn/baike/w/%E9%97%AA%E8%85%B0,,闪腰其实并不需要剧烈的运动，往往临床上看到的闪腰都是在不注意的情况下出现的闪腰，主要原因是椎间盘受到了损伤，稳定结构有所削减，这时需要肌肉有很大的力量来进行保护，在很注意地做动作时肌肉处于紧张状态，这时不容易出现闪腰，在注意力不集中、肌肉力量不够时做动作，由于本身稳定结构不好，就会出现闪腰，这种闪腰实际上与平时漫长的生活状态和工作状态有非常大的关系，比如长期保持一种姿势不动或有一些需要有很大力量维持的姿势，会造成软骨出现损伤，软骨是需要营养的，而这种营养是需要通过活动来增加的而不是通过血液本身直接供应。
2304,阴囊湿疹,duguji,https://baike.duguji.cn/baike/w/%E9%98%B4%E5%9B%8A%E6%B9%BF%E7%96%B9,,阴囊湿疹是湿疹中最常见的一种，局限于阴囊皮肤，有时延及肛门周围，少数可延至阴茎。此病瘙痒剧烈，皮疹呈多形性变，容易复发，可以治疗，要达到根治的目的需要个人注意卫生、坚持用药。
2307,阴虚发热,duguji,https://baike.duguji.cn/baike/w/%E9%98%B4%E8%99%9A%E5%8F%91%E7%83%AD,,阴虚发热，病证名。因精血津液等耗损所致的虚热。见《丹溪心法·发热》。《证治汇补·阴虚发热》：“有劳心好色，内伤真阴，阴血既伤，阳气独盛，发热不止，向晚更甚，或饮食如常，头胀时作，脉洪数无力，视其舌大而色赤者，阴虚也。”证见口干体瘦，食少懒倦，头痛时作时止，遗精盗汗，骨蒸肉烁，唇红颧赤，咳嗽痰血（《医碥》卷一）。治宜滋阴降火，选用四物汤加炒黄柏、黄芩、龟板，鳖甲散，青蒿鳖甲汤，大补阴丸，一阴煎等方。参见发热条。
2311,雀目,duguji,https://baike.duguji.cn/baike/w/%E9%9B%80%E7%9B%AE,,雀目，病证名。系指夜间视物不清的一类病证。又有鸡蒙眼、鸡盲等别称。亦即今之夜盲。该病可分为两类：
2312,霍乱,duguji,https://baike.duguji.cn/baike/w/%E9%9C%8D%E4%B9%B1,,霍乱是因摄入的食物或水受到霍乱弧菌污染而引起的一种急性腹泻性传染病。轻者呕吐、腹泻，重者脱水、休克，甚至死亡。每年，估计有300万～500万霍乱病例，另有10万～12万人死亡。病发高峰期在夏季，能在数小时内造成腹泻脱水甚至死亡。
2314,青盲,duguji,https://baike.duguji.cn/baike/w/%E9%9D%92%E7%9B%B2,,青盲(gradual loss of vision without apparent cause)，黑睛与瞳神之气色、形态正常，惟视力严重下降，甚至失明的慢性内障眼病。相当于西医的眼底退行病变，或继发于多种眼病的视神经萎缩、黄斑变性，脑部肿瘤也可引起此病。常以疏肝解郁，活血祛瘀，益气养血，补肝益肾为治则。
2313,霍乱吐泻,duguji,https://baike.duguji.cn/baike/w/%E9%9C%8D%E4%B9%B1%E5%90%90%E6%B3%BB,,即霍乱证出现的上吐下泻证候。
2316,顽癣,duguji,https://baike.duguji.cn/baike/w/%E9%A1%BD%E7%99%A3,,顽癣，病名。指一种慢性顽固性皮肤病。见《外科正宗》卷四。该病多因风、湿、热、虫四者为患。使血燥风毒克于脾、肺二经。临床可见发无定处，初为皮肤发痒，后起淡褐色粟粒样丘疹，表皮可有落屑产生，日久病损区域逐渐扩大，融合成片，形成肥厚粗糙皮损，形状不一，瘙痒明显，搔之不知疼痛，病程缠绵难愈，且有反复发作之特点。治宜养血疏风，可内服当归饮子或四物消风散。外可用土元。
2318,风寒湿痹,duguji,https://baike.duguji.cn/baike/w/%E9%A3%8E%E5%AF%92%E6%B9%BF%E7%97%B9,,风寒湿痹，病证名。见《圣济总录》卷二十。因风寒湿三气杂至，致气血郁滞，证见身重而痛，四肢拘挛，甚则走注疼痛，或手足麻木等。治宜祛风散寒利湿，用三痹汤、蠲痹汤等方。
2323,风湿性关节炎,duguji,https://baike.duguji.cn/baike/w/%E9%A3%8E%E6%B9%BF%E6%80%A7%E5%85%B3%E8%8A%82%E7%82%8E,,风湿性关节炎属变态反应性疾病，是风湿热的主要表现之一。多以急性发热及关节疼痛起病，典型表现是轻度或中度发热，游走性多关节炎，受累关节多为膝、踝、肩、肘、腕等大关节，常见由一个关节转移至另一个关节，病变局部呈现红、肿、灼热、剧痛，部分病人也有几个关节同时发病。
2324,风湿热痹,duguji,https://baike.duguji.cn/baike/w/%E9%A3%8E%E6%B9%BF%E7%83%AD%E7%97%B9,,风湿热痹（wind-damp-heat bi、arthralgia caused by wind-damp-heat pathogens）是指感受风湿热邪，以游走性关节疼痛，可涉及一个或多个关节，活动不便，局部灼热红肿，痛不可触，得冷则舒，可有皮下结节或红癍，常伴发热、恶风、汗出、口渴、烦躁不安，舌红，苔黄或黄腻，脉滑数或浮数为主要表现的痹病。
2332,风热咳嗽,duguji,https://baike.duguji.cn/baike/w/%E9%A3%8E%E7%83%AD%E5%92%B3%E5%97%BD,,风热咳嗽或肺热咳嗽者宜食以下食物。
2333,风热头痛,duguji,https://baike.duguji.cn/baike/w/%E9%A3%8E%E7%83%AD%E5%A4%B4%E7%97%9B,,风热头痛，病证名。外感风热引起的头痛。见《外台秘要》卷十五。《医林绳墨·头痛》：“上攻头目，或连齿鼻不定而作痛者，此为风热之头痛也。”证见头部胀痛，恶风发热，或鼻塞流浊涕；或目赤面红，口渴喜饮，便秘溺赤，苔薄黄，脉浮数等。治宜石膏散、荆芥散、神芎散、桑菊饮等方。
2335,风疹,duguji,https://baike.duguji.cn/baike/w/%E9%A3%8E%E7%96%B9,,风疹是由风疹病毒引起的一种常见的急性传染病，以发热，全身皮疹为特征，常伴有耳后、枕部淋巴结肿大，由于全身症状一般较轻。如果孕妇感染风疹，将全严重损害胎儿，儿童成人均可发病。中医学称本病为风疹、风痧、隐疹、认为系感受风热时邪，发于肤表所致。
2325,风湿痛,dayi,https://www.dayi.org.cn/symptom/1153698.html,,风湿痛是指风湿性疾病侵犯关节、骨骼及周围软组织，引发局部性或全身性疼痛的症状。中医学认为，其属于痹证的范畴，可能是由于风、寒、湿、热之邪侵袭机体后，痹阻肢体筋脉；或者内伤痰湿浊瘀，深入关节筋骨，导致经脉气血运行不畅引起的，日久则会耗伤气血，伤及肝肾，甚至影响其他脏腑。而在西医中，风湿痛常见于类风湿关节炎、强直性脊柱炎、骨关节炎等疾病。
2337,风痹,duguji,https://baike.duguji.cn/baike/w/%E9%A3%8E%E7%97%B9,,风痹，病名。以疼痛游走不定为特征痹证。见《灵枢·寿天刚柔》。又名行痹、筋痹。《素问·痹论》：“风寒湿三气杂至，合而为痹也。其风气胜者为行痹。”《杂病证治准绳》：“风痹者，游行上下，随其虚邪与血气相搏，聚于关节，筋脉弛纵而不收。”《症因脉治》卷三：“风痹之症，走注疼痛，上下左右，行而不定，故名行痹。”风寒攻痛者，防风汤；表里有邪者，防风通圣散、和血散痛汤、大秦艽汤；风热痛者，四物二妙丸；风湿之邪，苍防二妙汤。亦可用虎骨散加减。一说风痹即痛风，如《景岳全书·杂证谟》：“风痹一证，即今人所谓痛风也。”
2339,食物中毒,duguji,https://baike.duguji.cn/baike/w/%E9%A3%9F%E7%89%A9%E4%B8%AD%E6%AF%92,,食物中毒是指食用了不利于人体健康的物品而导致的以发热，腹痛腹泻，恶心呕吐等为主要症状的急性中毒性疾病，通常是在不知情的情况下发生食物中毒。
2341,骨痛,duguji,https://baike.duguji.cn/baike/w/%E9%AA%A8%E7%97%9B,,骨痛，证名。出《素问·脉要精微论》。《杂病源流犀烛·筋骨皮肉毛发病源流》：“人身之痛，或由风淫湿滞，或由血刺痰攻，浅不过肌肉皮毛，深亦止经络脏腑，若入里彻骨，作酸作疼，虽因寒因热有不同，要其损伤劳极，为至甚而无加矣。”治宜补肾散寒，祛风止痛，用虎骨散等方。久立伤骨，骨伤之病，亦有痛者，或渐至成痿者，当受伤之初，急宜补骨脂、牛骨髓、鹿茸、骨碎补等药。
2343,骨蒸潮热,duguji,https://baike.duguji.cn/baike/w/%E9%AA%A8%E8%92%B8%E6%BD%AE%E7%83%AD,,"潮热是指按时发热,或按时热势加重,如潮汐之有定时的症状.下午3-5时热识较高为日哺潮热,见于阳明证.午后或夜间低热为午后或夜间潮热.骨蒸潮热是有热自骨内向外透发的感觉者,称为骨蒸潮热.多为阴虚火旺,阴液亏虚,不能制阳,阳气偏亢,午后卫阳渐于入里,夜间卫阳行于里,使体内偏亢的阳气更加亢胜而生内热."
2342,骨蒸,duguji,https://baike.duguji.cn/baike/w/%E9%AA%A8%E8%92%B8,,骨蒸病又称结核病，是由结核杆菌引起的慢性传染病，可累及全身多个器官，但以肺结核最为常见。
2344,骨髓炎,duguji,https://baike.duguji.cn/baike/w/%E9%AA%A8%E9%AB%93%E7%82%8E,,骨髓炎为一种骨的感染和破坏。由需氧或厌氧菌、分枝杆菌、真菌引起。骨髓炎好发于椎骨、糖尿病患者的足部、或由于外伤或手术引起的穿透性骨损伤部位。儿童最常见部位为血供良好的长骨（如胫骨或股骨的干骺端）。骨髓炎临床分类较多，不能一概而论。若想进一步了解详情，可参看各相关词条。
2346,高脂血症,duguji,https://baike.duguji.cn/baike/w/%E9%AB%98%E8%84%82%E8%A1%80%E7%97%87,,高脂血症是指血脂水平过高，是脂肪代谢或运转异常，使血浆脂质高于正常值的一种全身性疾病。是指血中胆固醇或甘油三酯过高，或高密度脂蛋白胆固醇过低，现代医学称之为血脂异常。
2347,高血压,duguji,https://baike.duguji.cn/baike/w/%E9%AB%98%E8%A1%80%E5%8E%8B,,高血压是指以体循环动脉血压（收缩压和/或舒张压）增高为主要特征（收缩压≥140毫米汞柱，舒张压≥90毫米汞柱），可伴有心、脑、肾等器官的功能或器质性损害的临床综合征。高血压是最常见的慢性病，也是心脑血管病最主要的危险因素。正常人的血压随内外环境变化在一定范围内波动。
2351,鹅掌风,duguji,https://baike.duguji.cn/baike/w/%E9%B9%85%E6%8E%8C%E9%A3%8E,,鹅掌风(goose-skined palm)，发生于手掌面的癣菌感染性皮肤病。因手掌粗糙开裂如鹅掌，故名。气候温和潮湿的地区最为多见。多因患者有脚气，用手抠脚传染而成。其特点为患手皮下有小水疱，干燥后形成点状的白色鳞屑，中心表皮脱落，留有环状损害；日久皮肤肥厚、粗糙。多在夏季发生水疱，瘙痒加剧，冬季皮肤干燥，可发生裂口，引起疼痛。病程缓慢，常多年不愈。相当于西医的手癣。
2350,鸡眼,duguji,https://baike.duguji.cn/baike/w/%E9%B8%A1%E7%9C%BC,,鸡眼，是由于局部皮肤长期受到挤压摩擦而造成增生的角质层，形如圆锥体嵌入皮内，尖顶突入真皮中压迫神经末梢，局部一旦受压或受挤就会引起明显的疼痛。圆锥的底在皮肤表面为一圆形或椭圆形，淡黄色质硬的斑境界清楚，一般如黄豆大小，稍高于皮肤，中央呈浅黄色，周围颜色深一些，因为它长得象鸡的眼睛，而得名为鸡眼。一般长于脚上，也有长在手、胳膊上。鸡眼治疗比较困难，不易根治。目前最好的办法是激光治疗，鸡眼膏外贴也有一定效果。中医称为“鸡眼”和“肉刺”。
2353,麻痹,duguji,https://baike.duguji.cn/baike/w/%E9%BA%BB%E7%97%B9,,麻痹，证名。肢体或局部肌肤麻木，不知痛痒。见《太平圣惠方》卷二十。《医学正传·麻木》：“夫所谓不仁者，或周身或四肢唧唧然麻木不知痛痒，如绳扎缚初解之状，古方名为麻痹者是也。”
2352,麻疹,duguji,https://baike.duguji.cn/baike/w/%E9%BA%BB%E7%96%B9,,麻疹是麻疹病毒引起的急性呼吸道传染病，主要症状有发热，上呼吸道炎、眼结膜炎等，而以皮肤出现红色斑丘疹和颊粘膜上有麻疹粘膜斑为其特征，本病传染性极强，在人口密集而未普种疫苗的地区易发生流行。属中医“麻风”范畴。
2356,麻风病,duguji,https://baike.duguji.cn/baike/w/%E9%BA%BB%E9%A3%8E%E7%97%85,,麻风病是由麻风杆菌引起的一种慢性接触性传染病。主要侵犯人体皮肤和神经，如果不治疗可引起皮肤、神经、四肢和眼的进行性和永久性损害。
2364,鼻鼽,duguji,https://baike.duguji.cn/baike/w/%E9%BC%BB%E9%BC%BD,,鼻鼽(allergic rhinitis)，突然和反复发作的鼻痒、喷嚏、流清涕、鼻塞等为特征的一种常见多发性鼻病。又称鼽嚏。相当于西医的过敏性鼻炎。鼻鼽最早见于《素问·脉解篇》：“......头痛、鼻鼽、腹肿者，阳明并于上，上者则其孙络太阴也，故头痛、鼻鼽、腹肿也。”后世医家对此病的论述也较多，如金代《刘河间医学六书》中说：“鼽者，鼻出清涕也。”对鼻鼽的病因，明代《证治要诀》说：“清涕者，脑冷肺寒所致。”
