TCM_symptom_id,TCM_symptom_name,status,updated,message
35,闭合性新旧软组织损伤,ok,yes,
31,鼻咽部慢性炎症,ok,yes,
79,产后乳肿,ok,yes,
82,产后小腹疼痛,ok,yes,
76,产后流血,ok,yes,
53,病后体弱,ok,yes,
77,产后乳房结块,ok,yes,
55,病后虚弱,ok,yes,
54,病后脱发,ok,yes,
73,产后出血日久,ok,yes,
69,嘈杂呕吐,ok,yes,
78,产后乳汁不通,ok,yes,
83,产后血虚,ok,yes,
85,产后瘀痛,ok,yes,
86,产后诸虚,ok,yes,
94,陈旧性伤痛,ok,yes,
95,晨起面肿,ok,yes,
96,齿鼻衄血,ok,yes,
100,赤白下痢,ok,yes,
102,赤缕红斑,ok,yes,
104,虫咬肿痛,ok,yes,
112,喘促痰多,ok,yes,
106,抽搐神昏,ok,yes,
111,喘促气逆,ok,yes,
119,疮疖痈肿,ok,yes,
120,疮疖肿毒,ok,yes,
122,疮口久不愈合,ok,yes,
123,疮面久溃不敛,ok,yes,
121,疮疖肿痛,ok,yes,
124,疮面疼痛,ok,yes,
125,疮面鲜活,ok,yes,
126,疮色鲜活,ok,yes,
127,疮癣,ok,yes,
129,疮疡不敛,ok,yes,
130,疮疡久溃不敛,ok,yes,
132,疮疡肿痛,ok,yes,
131,疮疡溃烂,ok,yes,
135,创伤出血,ok,yes,
133,疮痈肿痛,ok,yes,
137,唇甲出血,ok,yes,
142,挫伤筋骨,ok,yes,
140,猝然昏倒,ok,yes,
143,大便不畅,ok,yes,
144,大便不利,ok,yes,
145,大便不爽,ok,yes,
146,大便不调,ok,yes,
148,大便不下,ok,yes,
149,大便臭秽,ok,yes,
152,大便干,ok,yes,
153,大便干结,ok,yes,
151,大便次数增多,ok,yes,
154,大便干结难下,ok,yes,
159,大便黏滞不爽,ok,yes,
158,大便黏滞,ok,yes,
160,大便脓血,ok,yes,
161,大便清稀,ok,yes,
162,大便失调,ok,yes,
164,大便溏雹,ok,yes,
166,大便溏软,ok,yes,
165,大便溏薄,ok,yes,
168,大便稀薄如水样,ok,yes,
167,大便溏泻,ok,yes,
169,大便稀溏,ok,yes,
170,大便泄泻,ok,yes,
173,带下白浊,ok,yes,
175,带下量多,ok,yes,
176,带下色黄,ok,yes,
177,带下色黄质稠,ok,yes,
182,倒饱嘈杂,ok,yes,
188,癫痫痰多,ok,yes,
189,癲痫,ok,yes,
190,跌打伤痛,ok,yes,
192,跌打瘀痛,ok,yes,
193,跌打肿痛,ok,yes,
195,跌扑瘀肿,ok,yes,
194,跌扑伤痛,ok,yes,
196,跌扑肿痛,ok,yes,
197,疔疮痈肿初起,ok,yes,
198,疔疮肿痛,ok,yes,
201,动辄汗出,ok,yes,
202,毒虫咬伤,ok,yes,
205,毒邪未尽,ok,yes,
209,多泪,ok,yes,
210,多泪羞明,ok,yes,
220,恶寒重,ok,yes,
221,恶寒壮热,ok,yes,
218,恶风寒,ok,yes,
230,发斑,ok,yes,
228,耳下肿痛,ok,yes,
232,发僵,ok,yes,
235,发热重,ok,yes,
239,发疹,ok,yes,
241,烦倦,ok,yes,
246,烦躁不宁,ok,yes,
247,烦躁不适,ok,yes,
248,烦躁易怒,ok,yes,
249,烦躁谵语,ok,yes,
255,肺气不畅,ok,yes,
260,痱疹鲜红,ok,yes,
266,风湿痹痛,ok,yes,
262,粉剌疙瘩,ok,yes,
268,风湿疼痛,ok,yes,
267,风湿关节痛,ok,yes,
269,风湿瘀痛,ok,yes,
270,风湿肢体关节痿软,ok,yes,
273,风痰瘀血痹阻脉络,ok,yes,
275,风眼烂弦,ok,yes,
276,风疹发红,ok,yes,
279,腐肉不去,ok,yes,
280,妇女痛经,ok,yes,
281,妇女癥瘕,ok,yes,
282,腹暴痛,ok,yes,
284,腹部隐痛,ok,yes,
285,腹部胀满,ok,yes,
286,腹部胀满不舒,ok,yes,
289,腹痛绵绵,ok,yes,
293,腹胀满,ok,yes,
291,腹有癥块,ok,yes,
294,腹中冷痛,ok,yes,
295,腹中胀满,ok,yes,
297,肝火目赤,ok,yes,
299,肝区胀痛,ok,yes,
300,肝热目赤,ok,yes,
301,肝痛,ok,yes,
308,干泾不舒,ok,yes,
311,肛窦炎出血,ok,yes,
316,肛门灼热,ok,yes,
320,高热神昏,ok,yes,
323,髙热,ok,yes,
321,高血压头痛,ok,yes,
324,髙热不退,ok,yes,
325,睾丸偏坠,ok,yes,
327,睾丸肿,ok,yes,
328,睾丸坠胀疼痛,ok,yes,
331,咯痰不爽,ok,yes,
330,咯痰、血,ok,yes,
332,咯痰黄稠,ok,yes,
333,咯痰色白,ok,yes,
334,咯痰色黄,ok,yes,
335,咯痰稀白,ok,yes,
336,咯吐白痰,ok,yes,
339,各种中毒症,ok,yes,
343,骨关节疼痛,ok,yes,
344,骨关节肿大,ok,yes,
345,骨节酸痛,ok,yes,
346,骨节疼痛,ok,yes,
347,骨扭伤,ok,yes,
349,骨折肿痛,ok,yes,
350,骨蒸劳热,ok,yes,
354,关节痹痛,ok,yes,
352,骨肿大,ok,yes,
355,关节不利,ok,yes,
356,关节刺痛,ok,yes,
357,关节钝痛,ok,yes,
358,关节红肿热痛,ok,yes,
360,关节剧痛,ok,yes,
361,关节冷痛,ok,yes,
362,关节麻木,ok,yes,
364,关节屈伸不利,ok,yes,
365,关节四肢疼痛,ok,yes,
367,关节酸痛麻木,ok,yes,
369,关节疼痈,ok,yes,
373,关节肿胀疼痛,ok,yes,
374,寒热头痛,ok,yes,
377,寒湿痹痛,ok,yes,
380,汗出,ok,yes,
379,寒性腹泻,ok,yes,
381,汗出不畅,ok,yes,
382,汗出不解,ok,yes,
383,汗少,ok,yes,
384,行步艰难,ok,yes,
385,行经腹痛,ok,yes,
386,行经小腹冷痛,ok,yes,
387,行走无力,ok,yes,
390,烘热,ok,yes,
394,喉核红肿,ok,yes,
395,喉核肿大,ok,yes,
396,喉间痰鸣,ok,yes,
397,喉痛,ok,yes,
399,喉中作响,ok,yes,
401,呼吸道出血,ok,yes,
402,呼吸气促,ok,yes,
406,黄痰,ok,yes,
407,会阴少腹腰骶部疼痛,ok,yes,
410,昏仆,ok,yes,
413,活动障碍,ok,yes,
414,肌肤红,ok,yes,
415,肌肤下肿块数处,ok,yes,
416,肌肤下肿块一处,ok,yes,
417,肌肤肿块数处,ok,yes,
418,肌肤肿块一处 推之能动,ok,yes,
419,肌肉关节酸痛,ok,yes,
420,肌肉红肿热痛,ok,yes,
421,肌肉剧痛,ok,yes,
422,肌肉麻木,ok,yes,
424,肌肉酸麻,ok,yes,
428,肌痩,ok,yes,
433,积滞内停,ok,yes,
429,肌痿无力,ok,yes,
432,积滞不消,ok,yes,
430,积聚痞块,ok,yes,
444,肩颈疼痛,ok,yes,
443,肩部疼痛重着,ok,yes,
450,僵硬畸形,ok,yes,
437,急躁易怒,ok,yes,
436,急性起并半身不遂,ok,yes,
434,积滞胀满,ok,yes,
454,脚重,ok,yes,
442,肩臂疼痛,ok,yes,
441,肩背酸痛,ok,yes,
445,肩疼痛,ok,yes,
448,舰血,ok,yes,
453,脚气浮肿,ok,yes,
464,筋骨瘀痛,ok,yes,
467,筋扭伤,ok,yes,
459,津伤,ok,yes,
458,疥癣瘙痒,ok,yes,
461,筋骨疼痛,ok,yes,
471,经初行不畅,ok,yes,
462,筋骨痿软,ok,yes,
463,筋骨无力,ok,yes,
477,经行小腹疼痛,ok,yes,
466,筋脉拘挛,ok,yes,
475,经行痛减,ok,yes,
476,经行小腹冷痛,ok,yes,
478,经行小腹喜热,ok,yes,
480,经量少有血块,ok,yes,
479,经行小腹胀痛,ok,yes,
472,经寒不调,ok,yes,
483,经前腹痛加剧,ok,yes,
474,经行量少,ok,yes,
487,经前疼痛加重,ok,yes,
490,经前胸闷,ok,yes,
491,经少色淡,ok,yes,
488,经前头痛,ok,yes,
485,经前乳胀,ok,yes,
493,经血紫暗,ok,yes,
486,经前双乳胀痛,ok,yes,
492,经水淋漓不净,ok,yes,
506,精气不足,ok,yes,
489,经前性情急躁,ok,yes,
503,惊痫不安,ok,yes,
507,精神不振,ok,yes,
510,精神忧郁,ok,yes,
495,惊风抽搐,ok,yes,
511,精溢,ok,yes,
498,惊悸不宁,ok,yes,
513,颈项活动不利,ok,yes,
512,颈肩部僵硬,ok,yes,
504,精亏,ok,yes,
514,颈项僵硬,ok,yes,
515,颈项僵直,ok,yes,
499,惊悸多梦,ok,yes,
516,颈项紧张不舒,ok,yes,
518,颈椎病型头痛,ok,yes,
517,颈项疼痛,ok,yes,
520,胫膝酸软,ok,yes,
523,久病体弱,ok,yes,
525,久咳不止,ok,yes,
536,局部恶寒,ok,yes,
537,局部红肿,ok,yes,
538,局部畏恶风寒,ok,yes,
527,久痢不止,ok,yes,
528,久疟体虚,ok,yes,
532,久泻不止,ok,yes,
533,久泻久痢,ok,yes,
530,久嗽不止,ok,yes,
535,拘挛麻木,ok,yes,
539,局部畏风寒,ok,yes,
540,局部畏寒,ok,yes,
534,久泻脱肛,ok,yes,
541,局部肿痛,ok,yes,
546,咳喘痛甚,ok,yes,
548,咳甚而喘,ok,yes,
551,咳嗽日久,ok,yes,
547,咳呛阵作,ok,yes,
554,咳嗽有痰,ok,yes,
550,咳嗽频作,ok,yes,
553,咳嗽痰盛,ok,yes,
557,咳痰不已,ok,yes,
555,咳嗽阵作,ok,yes,
559,咳痰色白,ok,yes,
543,倦怠乏力,ok,yes,
556,咳痰不爽,ok,yes,
563,渴不思饮,ok,yes,
570,口唇紫绀,ok,yes,
568,口疮肿痛,ok,yes,
560,咳吐不爽,ok,yes,
558,咳痰带血,ok,yes,
574,口角流诞,ok,yes,
571,口淡乏味,ok,yes,
581,口糜烂,ok,yes,
586,口舌干燥,ok,yes,
584,口腔溃疡久不收敛,ok,yes,
582,口黏,ok,yes,
588,口舌歪斜,ok,yes,
572,口多唾涎,ok,yes,
589,口舌肿痛,ok,yes,
591,口吐涎沫,ok,yes,
594,口喁,ok,yes,
592,口喎,ok,yes,
593,口眼涡斜,ok,yes,
590,口生疮,ok,yes,
596,口中甜腻,ok,yes,
595,口燥,ok,yes,
605,老年轻度认知障碍,ok,yes,
599,剌痛,ok,yes,
610,冷汗自出,ok,yes,
606,老年腰膝酸软,ok,yes,
600,懒言,ok,yes,
598,溃疡不敛,ok,yes,
603,劳嗽咯血,ok,yes,
621,两胁胀痛,ok,yes,
618,两腮肿,ok,yes,
617,两腮痛,ok,yes,
619,两腮肿痛,ok,yes,
620,两胁疼痛,ok,yes,
623,淋沥疼痛,ok,yes,
629,流产后出血,ok,yes,
628,鳞屑多,ok,yes,
616,臁疮糜烂,ok,yes,
630,流产后宫缩不良,ok,yes,
636,流脓涕,ok,yes,
632,流黄涕,ok,yes,
631,流黄稠涕,ok,yes,
633,流黄浊涕,ok,yes,
639,流涕黏白,ok,yes,
625,淋证涩痛,ok,yes,
643,瘰疬未溃,ok,yes,
641,流浊涕,ok,yes,
645,屡经流产,ok,yes,
653,脉细弱,ok,yes,
654,脉细涩,ok,yes,
656,脉细弦,ok,yes,
648,麻木拘挛,ok,yes,
646,麻痹瘙痒,ok,yes,
660,毛发成片脱落,ok,yes,
649,麻木瘫痪,ok,yes,
661,毛发呈稀疏状脱落,ok,yes,
662,毛发干燥,ok,yes,
663,毛发松动,ok,yes,
667,眠差,ok,yes,
650,麻疹不透,ok,yes,
673,面目虚涪,ok,yes,
674,面色不华,ok,yes,
678,面色晄白,ok,yes,
677,面色恍白,ok,yes,
672,面目悉黄,ok,yes,
680,面色少华,ok,yes,
682,面色无华,ok,yes,
669,面浮肿,ok,yes,
684,面肢浮肿,ok,yes,
664,毛发油腻,ok,yes,
679,面色黢黑,ok,yes,
693,目发黄,ok,yes,
687,目暗羞明,ok,yes,
686,目暗昏花,ok,yes,
689,目赤红肿,ok,yes,
690,目赤昏花,ok,yes,
691,目赤翳障,ok,yes,
697,目昏不明,ok,yes,
703,目淫羞明,ok,yes,
699,目生翳膜,ok,yes,
694,目花,ok,yes,
700,目生云翳,ok,yes,
712,脑部疼痛,ok,yes,
710,纳少嘈杂,ok,yes,
713,脑功能减退,ok,yes,
714,脑络瘀阻,ok,yes,
716,内障目暗,ok,yes,
705,目珠夜痛,ok,yes,
718,年老气喘,ok,yes,
719,年老哮喘,ok,yes,
704,目胀,ok,yes,
724,尿点滴而下,ok,yes,
723,尿道灼热,ok,yes,
726,尿后余沥不尽,ok,yes,
722,尿道涩痛,ok,yes,
728,尿黄如茶,ok,yes,
733,尿频数,ok,yes,
715,内外伤出血,ok,yes,
729,尿混浊,ok,yes,
735,尿色赤黄,ok,yes,
736,尿色偏黄,ok,yes,
741,尿线细,ok,yes,
743,尿血血色鲜红,ok,yes,
744,尿血血色紫红,ok,yes,
739,尿少,ok,yes,
734,尿热,ok,yes,
738,尿涩痛,ok,yes,
756,呕吐清水,ok,yes,
757,呕吐乳食,ok,yes,
760,排便乏力,ok,yes,
761,排尿滴沥不尽,ok,yes,
746,脓成不溃,ok,yes,
758,呕吐痰涎,ok,yes,
747,脓腐将荆,ok,yes,
763,喷嚏,ok,yes,
765,皮肤风团色红,ok,yes,
749,脓水,ok,yes,
770,皮肤潰疡,ok,yes,
759,呕吐吞酸,ok,yes,
773,皮肤青紫,ok,yes,
772,皮肤黏膜破溃,ok,yes,
768,皮肤黄染,ok,yes,
779,皮肤肿痛,ok,yes,
771,皮肤糜烂,ok,yes,
780,皮肤紫斑,ok,yes,
777,皮肤湿疹,ok,yes,
783,皮下结块,ok,yes,
775,皮肤色斑,ok,yes,
776,皮肤湿烂,ok,yes,
782,皮损呈红斑湿润,ok,yes,
785,皮疹表面覆有较厚的银白色鳞屑,ok,yes,
789,疲乏无力,ok,yes,
787,皮疹为点滴状,ok,yes,
784,皮下紫斑,ok,yes,
800,脐腹胀痛,ok,yes,
788,皮疹圆形,ok,yes,
801,起坐不利,ok,yes,
802,气闭昏厥,ok,yes,
786,皮疹色鲜红,ok,yes,
805,气粗,ok,yes,
791,脾胃气滞,ok,yes,
807,气促喘息,ok,yes,
815,气滞胃痛,ok,yes,
804,气喘咳嗽,ok,yes,
821,靑少年远视力下降,ok,yes,
817,前额压痛,ok,yes,
819,浅表脓疱,ok,yes,
812,气逆喘咳,ok,yes,
824,轻度烫伤（表皮未破),ok,yes,
811,气逆喘急,ok,yes,
828,龋齿疼痛,ok,yes,
823,轻度视力下降,ok,yes,
820,青盲雀目,ok,yes,
826,情志抑郁,ok,yes,
830,全身酸疼,ok,yes,
831,颧骨部压痛,ok,yes,
834,热病发烧,ok,yes,
825,情志不畅,ok,yes,
832,热痹疼痛,ok,yes,
848,乳房结节,ok,yes,
835,热病烦渴,ok,yes,
836,热毒泻痢,ok,yes,
840,热淋证,ok,yes,
839,热淋涩痛,ok,yes,
833,热病发热,ok,yes,
837,热毒血痢,ok,yes,
850,乳房有块,ok,yes,
844,妊娠漏血,ok,yes,
846,妊娠胎漏,ok,yes,
858,乳痈初起,ok,yes,
870,瘙痒明显,ok,yes,
867,腮腺炎肿痛,ok,yes,
871,瘙痒难忍,ok,yes,
862,乳汁郁积,ok,yes,
861,乳汁不下,ok,yes,
859,乳胀痛,ok,yes,
863,乳肿痛,ok,yes,
865,褥疮肿痛,ok,yes,
884,上下肢 偏身麻木,ok,yes,
881,伤处瘀肿疼痛,ok,yes,
876,筛状出血明显,ok,yes,
873,涩痛,ok,yes,
887,上肢疼痛,ok,yes,
877,闪腰挫气,ok,yes,
888,少腹拒按,ok,yes,
885,上消化道出血量多,ok,yes,
893,少津,ok,yes,
892,少腹坠胀,ok,yes,
894,少寐,ok,yes,
899,舌暗红,ok,yes,
890,少腹疼痛,ok,yes,
889,少腹冷痛,ok,yes,
907,舌尖边有瘀点,ok,yes,
906,舌红苔黄腻,ok,yes,
901,舌部疲斑,ok,yes,
902,舌赤,ok,yes,
900,舌边尖有瘀斑,ok,yes,
896,少食,ok,yes,
908,舌尖红,ok,yes,
910,舌糜烂,ok,yes,
897,少痰,ok,yes,
917,舌体肿,ok,yes,
912,舌偏红,ok,yes,
920,舌有瘀点瘀斑,ok,yes,
921,舌瘀斑,ok,yes,
916,舌体胖大,ok,yes,
924,舌质淡暗,ok,yes,
923,舌质黯,ok,yes,
925,舌质红少津,ok,yes,
927,舌质有瘀斑,ok,yes,
926,舌质红少苔,ok,yes,
928,舌质紫暗,ok,yes,
918,舌有齿痕,ok,yes,
929,舌紫暗,ok,yes,
932,身倦,ok,yes,
931,身黄,ok,yes,
933,身困重,ok,yes,
936,身瘦,ok,yes,
934,身目发黄,ok,yes,
938,身体倦懒,ok,yes,
939,身体麻木,ok,yes,
940,身体痩弱,ok,yes,
943,身痛痉挛,ok,yes,
960,神志昏迷,ok,yes,
953,神倦懒言,ok,yes,
955,神情呆滞,ok,yes,
946,神昏狂躁,ok,yes,
930,蛇虫咬伤,ok,yes,
964,肾区冷痛、,ok,yes,
965,声带充血,ok,yes,
945,神昏不语,ok,yes,
976,湿热毒邪聚结肌肤,ok,yes,
961,神志混乱,ok,yes,
980,十二指肠溃疡出血,ok,yes,
983,时有隐痛,ok,yes,
984,食后腹胀拒按,ok,yes,
973,湿痹拘挛,ok,yes,
975,湿疮脓水浸淫,ok,yes,
979,湿疹瘙痒,ok,yes,
985,食后胀痛,ok,yes,
982,石淋涩痛,ok,yes,
989,食乳不化,ok,yes,
988,食积胀满,ok,yes,
991,食少不化,ok,yes,
987,食积不消,ok,yes,
998,食滞不化,ok,yes,
999,食滞化热,ok,yes,
1001,视力减退,ok,yes,
1004,视物不清,ok,yes,
1000,视觉异常,ok,yes,
1005,视物昏暗,ok,yes,
994,食物积滞,ok,yes,
992,食少乏力,ok,yes,
993,食少腹胀,ok,yes,
1009,手抽搐,ok,yes,
1010,手拘挛,ok,yes,
1016,手足不温,ok,yes,
1017,手足发凉,ok,yes,
1012,手术出血,ok,yes,
1023,双目上吊,ok,yes,
1018,手足麻木症,ok,yes,
1019,手足瘈疲,ok,yes,
1024,双乳痛,ok,yes,
1011,手麻木,ok,yes,
1028,睡卧不安,ok,yes,
1025,水浆难下,ok,yes,
1015,手足不遂,ok,yes,
1021,暑邪发热,ok,yes,
1034,四肢关节冷痛,ok,yes,
1038,四肢厥逆,ok,yes,
1045,四肢酸懒,ok,yes,
1033,四肢浮肿,ok,yes,
1037,四肢倦乏,ok,yes,
1039,四肢挛急,ok,yes,
1049,嗖痛,ok,yes,
1040,四肢挛痛,ok,yes,
1044,四肢酸,ok,yes,
1056,痰白,ok,yes,
1048,四肢无力,ok,yes,
1057,痰白质稀,ok,yes,
1058,痰不易出,ok,yes,
1053,胎漏下血,ok,yes,
1041,四肢麻痹,ok,yes,
1054,胎盘不下,ok,yes,
1061,痰稠难出,ok,yes,
1064,痰多黄稠,ok,yes,
1066,痰多淸稀,ok,yes,
1067,痰多上气,ok,yes,
1068,痰多作喘,ok,yes,
1065,痰多咳嗽,ok,yes,
1059,痰稠,ok,yes,
1072,痰黄稠黏,ok,yes,
1060,痰稠黄,ok,yes,
1073,痰黄黏稠,ok,yes,
1071,痰黄稠,ok,yes,
1077,痰鸣如吼,ok,yes,
1076,痰鸣,ok,yes,
1069,痰核痞块,ok,yes,
1085,痰稀,ok,yes,
1080,痰热,ok,yes,
1083,痰少,ok,yes,
1078,痰黏,ok,yes,
1081,痰热喘咳,ok,yes,
1084,痰盛,ok,yes,
1095,疼痛夜甚,ok,yes,
1097,体乏无力,ok,yes,
1086,痰涎壅盛,ok,yes,
1089,痰饮咳喘,ok,yes,
1093,痰浊黄稠,ok,yes,
1099,体疲,ok,yes,
1090,痰壅,ok,yes,
1096,体乏,ok,yes,
1098,体倦,ok,yes,
1107,涕中带血,ok,yes,
1100,体弱,ok,yes,
1109,听衰,ok,yes,
1105,体虛,ok,yes,
1106,涕黄稠,ok,yes,
1103,体虚乏力,ok,yes,
1102,体虚多汗,ok,yes,
1104,体虚欲脱,ok,yes,
1115,痛处拒按,ok,yes,
1121,头部剌痛,ok,yes,
1122,头部胀痛,ok,yes,
1118,痛甚,ok,yes,
1123,头发早白,ok,yes,
1125,头剌痛,ok,yes,
1111,停乳,ok,yes,
1126,头面部神经痛,ok,yes,
1127,头面疼痛,ok,yes,
1134,头痛日久,ok,yes,
1114,痛,ok,yes,
1132,头疼痛,ok,yes,
1131,头身困重,ok,yes,
1120,头部疖肿,ok,yes,
1129,头皮光亮,ok,yes,
1135,头痛如裹,ok,yes,
1128,头目不清,ok,yes,
1149,吐痰清稀,ok,yes,
1148,吐痰,ok,yes,
1153,腿疲软,ok,yes,
1139,头痈,ok,yes,
1147,吐衄,ok,yes,
1136,头项强,ok,yes,
1137,头项痛,ok,yes,
1154,腿疲痛,ok,yes,
1155,腿软,ok,yes,
1156,腿疼痛，重者痛剧不能转侧,ok,yes,
1146,吐脓,ok,yes,
1151,吐泻腹痛,ok,yes,
1163,外伤发炎,ok,yes,
1169,脘腹刺痛,ok,yes,
1164,外伤红肿,ok,yes,
1162,椭圆形红斑,ok,yes,
1170,脘腹冷,ok,yes,
1179,脘腹胀闷,ok,yes,
1182,脘闷不舒,ok,yes,
1165,外伤破溃,ok,yes,
1176,脘腹胁痛,ok,yes,
1186,脘胁疼痛,ok,yes,
1172,脘腹痞满,ok,yes,
1181,脘闷,ok,yes,
1184,脘痞不饥,ok,yes,
1189,微渴,ok,yes,
1195,胃肠术后腹胀,ok,yes,
1188,微恶风寒,ok,yes,
1201,胃溃疡出血、十二指肠溃疡出血,ok,yes,
1196,胃肠衰弱,ok,yes,
1194,胃肠积热,ok,yes,
1185,脘痞呕吐,ok,yes,
1206,胃痛绵绵,ok,yes,
1205,胃痛拘急,ok,yes,
1187,脘胁胀痛,ok,yes,
1210,胃脘嘈杂,ok,yes,
1207,胃痛隐隐,ok,yes,
1209,胃脘不舒,ok,yes,
1211,胃脘嘈杂不适,ok,yes,
1213,胃脘剌痛,ok,yes,
1212,胃脘刺痛,ok,yes,
1217,胃脘痞闷,ok,yes,
1219,胃脘烧灼感,ok,yes,
1218,胃脘痞塞,ok,yes,
1215,胃脘挛痛,ok,yes,
1227,胃中灼热,ok,yes,
1216,胃脘痞满,ok,yes,
1220,胃脘疼痛,ok,yes,
1231,无名肿痛,ok,yes,
1222,胃脘胀满,ok,yes,
1226,胃胀满,ok,yes,
1232,无乳,ok,yes,
1233,五更溏泻,ok,yes,
1229,瘟疫发热,ok,yes,
1237,膝部痿软,ok,yes,
1238,膝软乏力,ok,yes,
1243,下痢臭秽,ok,yes,
1240,喜暖,ok,yes,
1248,下肢沉重,ok,yes,
1250,下肢痿软,ok,yes,
1251,下肢痿弱,ok,yes,
1244,下痢脓血,ok,yes,
1239,膝酸痛,ok,yes,
1249,下肢浮肿,ok,yes,
1247,下元虚冷,ok,yes,
1253,夏令中恶昏厥,ok,yes,
1254,项背强急不舒,ok,yes,
1245,下气甚痛,ok,yes,
1266,小便不爽,ok,yes,
1261,消痩,ok,yes,
1256,项背强直,ok,yes,
1269,小便滴沥不净,ok,yes,
1255,项背强痛,ok,yes,
1274,小便黄少,ok,yes,
1272,小便黄,ok,yes,
1264,小便白浊,ok,yes,
1278,小便频急,ok,yes,
1276,小便淋漓不尽,ok,yes,
1263,魈血,ok,yes,
1271,小便短少,ok,yes,
1282,小便热,ok,yes,
1286,小儿多汗,ok,yes,
1280,小便频数短涩,ok,yes,
1277,小便淋浊,ok,yes,
1291,小儿积滞化热,ok,yes,
1285,小儿顿咳,ok,yes,
1284,小便痛,ok,yes,
1290,小儿行迟,ok,yes,
1293,小儿急热惊风,ok,yes,
1296,小腹拘急,ok,yes,
1295,小儿饮食积滞,ok,yes,
1287,小儿疳积发热,ok,yes,
1294,小儿秋季腹泻,ok,yes,
1298,小腹两侧胀痛,ok,yes,
1292,小儿急惊,ok,yes,
1302,小腹喜热,ok,yes,
1303,小腹下坠,ok,yes,
1304,小腹隐痛,ok,yes,
1307,小腹坠痛,ok,yes,
1311,胁肋部疼痛,ok,yes,
1312,胁肋刺痛,ok,yes,
1319,泄泻急迫,ok,yes,
1314,胁肋隐痛,ok,yes,
1317,胁下痞块,ok,yes,
1310,胁肋不舒,ok,yes,
1313,胁肋疼痛,ok,yes,
1322,泻痢不爽,ok,yes,
1320,泻而不爽,ok,yes,
1326,心烦不宁,ok,yes,
1328,心烦喜呕,ok,yes,
1327,心烦难寐,ok,yes,
1323,心暴痛,ok,yes,
1325,心烦不寐,ok,yes,
1335,心悸不宁,ok,yes,
1334,心悸不安,ok,yes,
1340,心气虚损,ok,yes,
1341,心前区刺痛,ok,yes,
1329,心腹刺痛,ok,yes,
1342,心前区剌痛,ok,yes,
1339,心气痛,ok,yes,
1353,形体肥胖,ok,yes,
1348,心胸烦热,ok,yes,
1350,新旧瘀痛,ok,yes,
1352,形瘦,ok,yes,
1330,心腹冷痛,ok,yes,
1354,形体消瘦,ok,yes,
1362,胸部憋闷,ok,yes,
1364,胸部闷痛,ok,yes,
1365,胸部疼痛,ok,yes,
1373,胸腹胀满,ok,yes,
1369,胸腹满闷,ok,yes,
1361,胸痹作痛,ok,yes,
1367,胸腹积水,ok,yes,
1371,胸腹水肿,ok,yes,
1372,胸腹疼痛,ok,yes,
1370,胸腹闷胀,ok,yes,
1368,胸腹冷痛,ok,yes,
1366,胸腹刺痛,ok,yes,
1377,胸膈满闷,ok,yes,
1386,胸闷不适,ok,yes,
1374,胸腹胀闷,ok,yes,
1375,胸腹胀痛,ok,yes,
1378,胸膈痞满,ok,yes,
1383,胸满郁闷,ok,yes,
1380,胸膈痞塞,ok,yes,
1388,胸闷作痛,ok,yes,
1385,胸闷不畅,ok,yes,
1387,胸闷不舒,ok,yes,
1392,胸痛彻背,ok,yes,
1381,胸膈胀满,ok,yes,
1400,胸胁剌痛,ok,yes,
1397,胸胁刺痛,ok,yes,
1395,胸脘胀满,ok,yes,
1398,胸胁挫伤,ok,yes,
1402,胸胁痞闷,ok,yes,
1394,胸脘痞闷,ok,yes,
1396,胸脘胀闷,ok,yes,
1401,胸胁闷痛,ok,yes,
1406,胸胁隐痛,ok,yes,
1404,胸胁疼痛,ok,yes,
1403,胸胁气滞,ok,yes,
1411,胸胁作痛,ok,yes,
1414,胸中憋闷,ok,yes,
1409,胸胁胀闷,ok,yes,
1410,胸胁胀痛,ok,yes,
1416,胸中闷热,ok,yes,
1407,胸胁胀,ok,yes,
1415,胸中满闷,ok,yes,
1408,胸胁胀满,ok,yes,
1417,胸中闷痛,ok,yes,
1412,胸胀满,ok,yes,
1422,嗅觉不灵,ok,yes,
1413,胸胀痛,ok,yes,
1423,嗅觉迟钝,ok,yes,
1419,羞明多眵,ok,yes,
1421,羞明畏光,ok,yes,
1420,羞明流泪,ok,yes,
1432,虚劳久咳,ok,yes,
1428,虚烦不眠,ok,yes,
1430,虚寒性出血,ok,yes,
1446,血热吐紐,ok,yes,
1441,血管神经性头痛,ok,yes,
1433,虚劳咳喘,ok,yes,
1450,血压偏高,ok,yes,
1453,血肿疼痛,ok,yes,
1436,虚热不退,ok,yes,
1464,咽部不适,ok,yes,
1447,血热吐衄,ok,yes,
1469,咽部肿痛,ok,yes,
1468,咽部肿,ok,yes,
1467,咽部红肿,ok,yes,
1461,牙龈肿,ok,yes,
1471,咽干喉痛,ok,yes,
1472,咽干燥,ok,yes,
1474,咽膈不利,ok,yes,
1473,咽干灼热,ok,yes,
1475,咽红,ok,yes,
1476,咽红肿痛,ok,yes,
1466,咽部红,ok,yes,
1479,咽喉干燥,ok,yes,
1478,咽喉干,ok,yes,
1488,咽黏膜充血,ok,yes,
1487,咽喉灼热,ok,yes,
1490,咽下不利,ok,yes,
1492,咽痈,ok,yes,
1493,咽燥,ok,yes,
1482,咽喉痛,ok,yes,
1484,咽喉肿,ok,yes,
1486,咽喉肿痈,ok,yes,
1494,咽中有痰,ok,yes,
1497,言语不清,ok,yes,
1498,言语不淸,ok,yes,
1495,咽灼热感,ok,yes,
1502,眼边刺痒,ok,yes,
1500,颜面部红斑,ok,yes,
1501,颜面皮肤光亮油腻,ok,yes,
1506,眼睑红烂,ok,yes,
1503,眼底瘀血,ok,yes,
1505,眼睑赤烂,ok,yes,
1508,眼睛痛痒,ok,yes,
1499,言语謇涩,ok,yes,
1521,腰部疼痛,ok,yes,
1522,腰部痿软,ok,yes,
1518,阳虚欲脱,ok,yes,
1510,眼目昏花,ok,yes,
1523,腰骶酸痛,ok,yes,
1524,腰骶痛,ok,yes,
1515,阳痿,ok,yes,
1511,眼目昏涩,ok,yes,
1525,腰骶胀痛,ok,yes,
1526,腰腹疼痛,ok,yes,
1530,腰脊疼痛,ok,yes,
1512,眼生翳膜,ok,yes,
1535,腰腿疼痛重着,ok,yes,
1529,腰脊酸痛,ok,yes,
1533,腰腿酸软,ok,yes,
1528,腰脊冷痛,ok,yes,
1540,腰膝痠软,ok,yes,
1538,腰膝关节疼痛,ok,yes,
1537,腰膝关节酸重,ok,yes,
1539,腰膝冷痛,ok,yes,
1548,夜间遗尿,ok,yes,
1541,腰膝酸冷,ok,yes,
1544,腰膝酸重,ok,yes,
1543,腰膝酸痛,ok,yes,
1547,药食中毒,ok,yes,
1551,夜寐不安,ok,yes,
1545,腰膝疼痛,ok,yes,
1550,夜盲昏花,ok,yes,
1552,夜梦,ok,yes,
1554,夜眠不宁,ok,yes,
1555,夜尿频,ok,yes,
1553,夜眠不安,ok,yes,
1556,夜尿频多,ok,yes,
1565,易感风邪,ok,yes,
1568,易怒,ok,yes,
1563,抑郁,ok,yes,
1566,易饥,ok,yes,
1571,阴道干燥,ok,yes,
1574,阴疽初起,ok,yes,
1567,易惊,ok,yes,
1581,饮食不化,ok,yes,
1569,翳膜遮睛,ok,yes,
1573,阴疽不敛,ok,yes,
1587,阴部肿块,ok,yes,
1584,饮食少进,ok,yes,
1575,阴疽肿痛,ok,yes,
1576,阴囊湿痒,ok,yes,
1590,嬴瘦,ok,yes,
1579,音哑,ok,yes,
1591,癭瘤初起,ok,yes,
1580,饮酒过多,ok,yes,
1600,痈肿疮疡,ok,yes,
1598,痈疽肿痛,ok,yes,
1605,右上腹隐隐作痛,ok,yes,
1595,痈疽疔毒,ok,yes,
1604,有血块,ok,yes,
1597,痈疽肿毒,ok,yes,
1594,痈疽不溃,ok,yes,
1596,痈疽难溃,ok,yes,
1606,右胁胀满,ok,yes,
1602,涌吐痰涎,ok,yes,
1608,瘀血不尽,ok,yes,
1601,痈肿溃烂,ok,yes,
1609,瘀血肿胀,ok,yes,
1613,语言不利,ok,yes,
1620,月经量多，味臭,ok,yes,
1615,郁闷心烦,ok,yes,
1611,瘀阻经闭,ok,yes,
1625,晕船,ok,yes,
1618,月经后错,ok,yes,
1627,运动劳损,ok,yes,
1623,月经先后不定期,ok,yes,
1612,鱼蟹中毒,ok,yes,
1643,真元不足,ok,yes,
1645,癥积,ok,yes,
1626,晕眩,ok,yes,
1633,燥咳少痰,ok,yes,
1628,脏器下垂,ok,yes,
1634,燥渴,ok,yes,
1639,谵狂,ok,yes,
1629,脏血,ok,yes,
1649,癥块,ok,yes,
1651,支气管扩张出血,ok,yes,
1647,癥瘕腹痛,ok,yes,
1654,肢倦乏力,ok,yes,
1652,肢浮肿,ok,yes,
1648,癥瘕痞块,ok,yes,
1658,肢体不利,ok,yes,
1659,肢体不用,ok,yes,
1660,肢体沉重,ok,yes,
1661,肢体乏力,ok,yes,
1653,肢节疼痛,ok,yes,
1655,肢冷,ok,yes,
1656,肢麻,ok,yes,
1662,肢体浮肿,ok,yes,
1664,肢体活动受限,ok,yes,
1663,肢体关节疼痛,ok,yes,
1665,肢体肌肉萎缩,ok,yes,
1657,肢酸,ok,yes,
1667,肢体困重,ok,yes,
1668,肢体剌痛,ok,yes,
1670,肢体麻木拘挛,ok,yes,
1671,肢体酸痛,ok,yes,
1674,肢体胸痛,ok,yes,
1666,肢体拘挛,ok,yes,
1672,肢体酸重,ok,yes,
1678,痔疮肿,ok,yes,
1693,周身乏力,ok,yes,
1691,肿胀麻木,ok,yes,
1689,肿硬作痛,ok,yes,
1680,痔血,ok,yes,
1681,痔肿,ok,yes,
1700,浊涕臭气,ok,yes,
1703,子宫功能性出血,ok,yes,
1686,肿毒,ok,yes,
1688,肿痛羞明,ok,yes,
1705,子痫抽搐,ok,yes,
1708,足抽搐,ok,yes,
1694,转筋挛急,ok,yes,
1695,转筋挛痛,ok,yes,
1709,足跟疼痛,ok,yes,
1710,足胫红肿热痛,ok,yes,
1711,足拘挛,ok,yes,
1715,足膝红肿,ok,yes,
1716,足膝红肿热痛,ok,yes,
1717,足肿胀,ok,yes,
1712,足冷,ok,yes,
1714,足痿筋挛,ok,yes,
1713,足麻木,ok,yes,
1720,不得平卧,ok,yes,
1723,不饥食少,ok,yes,
1721,不眠,ok,yes,
1722,不语,ok,yes,
1726,中暑发痧,ok,yes,
1727,中风痰迷,ok,yes,
1725,中恶昏迷,ok,yes,
1729,久咳胸痛,ok,yes,
1730,久溃不敛,ok,yes,
1728,久不收口,ok,yes,
1738,乳闭,ok,yes,
1732,乳房结块,ok,yes,
1733,乳痈肿痛,ok,yes,
1739,二便不利,ok,yes,
1743,产后手足浮肿,ok,yes,
1745,产后淤阻,ok,yes,
1741,亦气疼痛,ok,yes,
1747,产后瘀滞腹痛,ok,yes,
1746,产后瘀滞,ok,yes,
1748,产后瘀血,ok,yes,
1750,产后瘀阻,ok,yes,
1749,产后瘀血腹痛,ok,yes,
1751,产后瘀阻腹痛,ok,yes,
1755,伤酒口渴,ok,yes,
1753,产后血虚发热,ok,yes,
1759,体倦乏力,ok,yes,
1758,伤食腹痛腹泻,ok,yes,
1761,作喘,ok,yes,
1762,便塘,ok,yes,
1763,偏正头痛,ok,yes,
1764,健忘多梦,ok,yes,
1765,关窍不通,ok,yes,
1766,关节痿软,ok,yes,
1768,关节酸,ok,yes,
1775,历节痹痛,ok,yes,
1769,内伤出血,ok,yes,
1771,冻疮.,ok,yes,
1773,劳伤腰痛,ok,yes,
1776,历节风痛,ok,yes,
1781,口眼㖞斜,ok,yes,
1780,口㖞,ok,yes,
1778,发痧,ok,yes,
1783,口眼干燥综合征,ok,yes,
1782,口眼喝斜,ok,yes,
1787,吐泻转筋,ok,yes,
1784,口蜗,ok,yes,
1790,呕吐腹痛,ok,yes,
1789,呕吐呃逆,ok,yes,
1791,呕哕,ok,yes,
1792,呕逆吐酸,ok,yes,
1793,咯吐不出,ok,yes,
1798,咽喉干痛,ok,yes,
1795,咳嗽气喘,ok,yes,
1794,咳喘痰多,ok,yes,
1802,喉痹肿痛,ok,yes,
1803,喉肿痛,ok,yes,
1801,喉痹乳蛾,ok,yes,
1808,四肢挛急疼痛,ok,yes,
1809,四肢痿软,ok,yes,
1812,夏伤暑湿,ok,yes,
1810,壮热烦渴,ok,yes,
1815,外感发热,ok,yes,
1813,外伤出血,ok,yes,
1823,头痛头晕,ok,yes,
1824,头痛目赤,ok,yes,
1814,外伤肿痛,ok,yes,
1818,大头瘟疫,ok,yes,
1827,头身疼痛,ok,yes,
1830,妇女断乳,ok,yes,
1831,妇女湿热带下,ok,yes,
1836,子宫颈癌,ok,yes,
1851,小便遗沥,ok,yes,
1844,寒积便秘,ok,yes,
1837,实热积滞便秘,ok,yes,
1839,寒湿呕逆,ok,yes,
1848,小便短赤涩痛,ok,yes,
1850,小便赤,ok,yes,
1842,寒疝腹痛,ok,yes,
1854,小儿惊啼,ok,yes,
1858,小儿疳热,ok,yes,
1864,尿热涩痛,ok,yes,
1857,小儿慢惊,ok,yes,
1862,少阴伏风头痛,ok,yes,
1861,小儿高热抽搐,ok,yes,
1860,小儿痰热惊痫,ok,yes,
1869,崩漏下血,ok,yes,
1863,尿少涩痛,ok,yes,
1866,尿闭,ok,yes,
1872,带下阴痒,ok,yes,
1877,庁肿,ok,yes,
1878,弛缓胃肌,ok,yes,
1886,心腹暴痛,ok,yes,
1885,心胸郁闷,ok,yes,
1888,心腹瘀痛,ok,yes,
1887,心腹疼痛,ok,yes,
1897,恶露不行,ok,yes,
1903,感冒风寒,ok,yes,
1893,急性鼓膜炎,ok,yes,
1898,惊痛,ok,yes,
1909,手足瘈疭,ok,yes,
1911,扭挫伤痛,ok,yes,
1923,早期肝硬化,ok,yes,
1914,挛痛,ok,yes,
1926,时疫感冒,ok,yes,
1915,损伤出血,ok,yes,
1922,无痰,ok,yes,
1927,昏花,ok,yes,
1928,昏迷不醒,ok,yes,
1929,晐嗽,ok,yes,
1943,水肿胀满,ok,yes,
1933,杨梅疮,ok,yes,
1938,气喘痰多,ok,yes,
1955,淋巴结肿痛,ok,yes,
1944,水肿胀满尿少,ok,yes,
1956,淋沥涩痛,ok,yes,
1963,湿热淋证,ok,yes,
1948,泻痢后重,ok,yes,
1947,泛酸,ok,yes,
1959,温疫时毒,ok,yes,
1965,湿热痢疾,ok,yes,
1969,湿痹病,ok,yes,
1964,湿热疮满,ok,yes,
1990,焮肿,ok,yes,
1973,澹语,ok,yes,
1974,火毒疮疡,ok,yes,
1993,牙龈肿痛出血,ok,yes,
2003,疝气疼痛,ok,yes,
2001,疗毒,ok,yes,
2002,疗疮,ok,yes,
2008,疟疾寒热,ok,yes,
2004,疝气痛,ok,yes,
2014,疫毒感冒,ok,yes,
2019,疮疡痈肿,ok,yes,
2015,疮满,ok,yes,
2020,疮疡肿毒,ok,yes,
2021,疮疳,ok,yes,
2022,疮痈,ok,yes,
2024,疮癞,ok,yes,
2023,疮痈肿毒,ok,yes,
2028,病后虚热不退,ok,yes,
2025,疳肿,ok,yes,
2027,疼痛麻木,ok,yes,
2033,痈疮肿毒,ok,yes,
2031,痈疖肿毒,ok,yes,
2030,痈疖,ok,yes,
2036,痈疽疮疡,ok,yes,
2039,痈肿疮毒,ok,yes,
2058,痰热喘嗽,ok,yes,
2035,痈疽疮毒,ok,yes,
2051,痧胀腹痛吐泻,ok,yes,
2064,瘟疫,ok,yes,
2061,痹疽,ok,yes,
2070,療痂,ok,yes,
2069,療疬,ok,yes,
2071,癌痕,ok,yes,
2072,癌肿,ok,yes,
2075,癣疮,ok,yes,
2077,癥瘕结块,ok,yes,
2081,癲狂,ok,yes,
2076,癣疾,ok,yes,
2085,白带过多,ok,yes,
2086,白浊带下,ok,yes,
2096,皮肤顽癣,ok,yes,
2090,白细胞减少症,ok,yes,
2104,眩悸,ok,yes,
2097,目暗,ok,yes,
2098,目涩痛,ok,yes,
2107,睾丸肿痛,ok,yes,
2106,眼结膜炎,ok,yes,
2112,筋伤骨折,ok,yes,
2116,筋骨痛,ok,yes,
2114,筋骨折伤,ok,yes,
2117,筋骨痪软,ok,yes,
2119,类血友病,ok,yes,
2118,筋骨痰软,ok,yes,
2125,经多,ok,yes,
2124,细菌性感染引起炎症肿毒,ok,yes,
2123,细菌性感染,ok,yes,
2127,经闭痛经,ok,yes,
2126,经络气滞,ok,yes,
2128,结块,ok,yes,
2130,结核性瘘管,ok,yes,
2133,绝经期眩晕,ok,yes,
2132,结胸痞满,ok,yes,
2135,继发性血小板减少性紫癜,ok,yes,
2136,缠身蛇丹,ok,yes,
2140,聤耳流脓,ok,yes,
2138,聘耳流脓,ok,yes,
2144,肝热头晕,ok,yes,
2145,肝病出血,ok,yes,
2141,肉暗紫黑,ok,yes,
2148,肝肾阴虚眩晕,ok,yes,
2147,肝肾不足腰膝酸冷,ok,yes,
2149,肝肾阴虚眩晕耳鸣,ok,yes,
2151,肝胆病,ok,yes,
2157,肠痈肿痛,ok,yes,
2160,肠风泻血,ok,yes,
2161,肢体不遂,ok,yes,
2155,肠燥便秘,ok,yes,
2165,肢节拘挛,ok,yes,
2162,肢体痿软,ok,yes,
2163,肢体酸,ok,yes,
2164,肢体重,ok,yes,
2166,肩臂痛,ok,yes,
2167,肩臂酸,ok,yes,
2171,肺捞,ok,yes,
2168,肩臂酸痛麻木,ok,yes,
2170,肺出血,ok,yes,
2174,肺热喘嗽,ok,yes,
2173,肺热咳喘,ok,yes,
2178,肺痨咳血,ok,yes,
2175,肺热痰壅,ok,yes,
2177,肺痈吐脓,ok,yes,
2180,肺结核咳嗽,ok,yes,
2182,肺虚咳血,ok,yes,
2184,肾冷痛,ok,yes,
2187,肾炎水肿,ok,yes,
2183,肾与小腹冷痛,ok,yes,
2193,胀满疼痛,ok,yes,
2190,肾虚腰膝酸痛,ok,yes,
2198,胆石症,ok,yes,
2191,肾虚阳痿,ok,yes,
2196,胃肠道肿瘤,ok,yes,
2200,胸中痞闷,ok,yes,
2201,胸痹刺痛,ok,yes,
2205,胸膈不舒,ok,yes,
2203,胸腔积水,ok,yes,
2207,脉结代,ok,yes,
2209,脘痛,ok,yes,
2208,脓水淋漓,ok,yes,
2202,胸脘痞闷胀满,ok,yes,
2204,胸腹胀闷疼痛,ok,yes,
2210,脘痞吐泻,ok,yes,
2212,脘腹挛急疼痛,ok,yes,
2211,脘痞呕恶,ok,yes,
2214,脘腹胀满冷痛,ok,yes,
2215,脘腹胁肋疼痛,ok,yes,
2213,脘腹痞满胀痛,ok,yes,
2216,脘腹虛痛,ok,yes,
2217,脚气肿毒,ok,yes,
2218,脚气肿胀,ok,yes,
2220,脱力劳伤,ok,yes,
2221,脾肾虚泻,ok,yes,
2223,脾虚食少,ok,yes,
2219,脚癣,ok,yes,
2225,腰冷痛,ok,yes,
2226,腰腿疼痛,ok,yes,
2228,腰膝关节酸重疼痛,ok,yes,
2229,腰膝痿软,ok,yes,
2234,腹绞痛,ok,yes,
2243,膝酸,ok,yes,
2238,膝关节沉重,ok,yes,
2235,腹腔积水,ok,yes,
2248,菌痢,ok,yes,
2251,虚热烦渴,ok,yes,
2244,膝酸软,ok,yes,
2258,蛇咬蝎螫,ok,yes,
2253,虫积食滞,ok,yes,
2256,蚕豆病,ok,yes,
2262,蛔虫腹痛,ok,yes,
2269,血热发斑,ok,yes,
2268,血热便血,ok,yes,
2264,蟹中毒,ok,yes,
2270,血热发疹,ok,yes,
2267,血淋涩痛,ok,yes,
2271,血热吐血,ok,yes,
2272,血热咯血,ok,yes,
2274,血热紫癜,ok,yes,
2279,赘疣,ok,yes,
2275,血热血淋,ok,yes,
2276,血热衄血,ok,yes,
2284,跌扑损伤,ok,yes,
2278,贲门部痉挛,ok,yes,
2283,趺扑肿痛,ok,yes,
2281,赤白痢疾,ok,yes,
2285,跌扑闪挫,ok,yes,
2287,跌打扭伤,ok,yes,
2286,跌打伤肿,ok,yes,
2288,跌打骨折,ok,yes,
2292,醉酒,ok,yes,
2294,金疮出血,ok,yes,
2290,郁闷,ok,yes,
2299,阳毒发斑,ok,yes,
2300,阳痪,ok,yes,
2301,阳痿不孕,ok,yes,
2302,阳瘘,ok,yes,
2306,阴虚劳嗽,ok,yes,
2305,阴寒腹痛,ok,yes,
2308,阴道滴虫,ok,yes,
2303,阳萎,ok,yes,
2309,院腹冷痛,ok,yes,
2315,面目肌肤浮肿,ok,yes,
2310,院腹括闷,ok,yes,
2317,风寒挟湿头痛,ok,yes,
2320,风水浮肿,ok,yes,
2319,风寒湿痹痛,ok,yes,
2321,风湿关节疼痛,ok,yes,
2322,风湿关节痿软疼痛,ok,yes,
2326,风湿痹病,ok,yes,
2327,风湿肢体痿软疼痛,ok,yes,
2328,风湿肩臂疼痛,ok,yes,
2330,风湿顽痹,ok,yes,
2331,风湿骨痛,ok,yes,
2329,风湿肿痛,ok,yes,
2334,风热郁肺咽痛,ok,yes,
2340,饮食不消,ok,yes,
2345,高热抽搐,ok,yes,
2336,风疹丹毒,ok,yes,
2338,风痹病,ok,yes,
2348,高血压病,ok,yes,
2349,鱼中毒,ok,yes,
2354,麻醉止痛,ok,yes,
2355,麻风,ok,yes,
2359,黄水病,ok,yes,
2360,黄疽,ok,yes,
2357,黄水淋漓,ok,yes,
2362,黏稠难咯,ok,yes,
2361,黄肿胀满,ok,yes,
2363,鼻塞不通,ok,yes,
