Herb_ID,Herb_cn_name,detail_url,filled_fields,filled_values
HERB000036,矮地茶,https://ydz.chp.org.cn/#/item?bookId=1&entryId=573,UsePart,"{""UsePart"": ""全草""}"
HERB000132,白鲜皮,https://ydz.chp.org.cn/#/item?bookId=1&entryId=164,Properties|Meridians,"{""Properties"": ""苦，寒"", ""Meridians"": ""归脾、胃、膀胱经""}"
HERB000137,八角茴香,https://ydz.chp.org.cn/#/item?bookId=1&entryId=4,UsePart,"{""UsePart"": ""成熟果实""}"
HERB000134,巴戟天,https://ydz.chp.org.cn/#/item?bookId=1&entryId=118,Herb_latin_name|Properties|Meridians|Function,"{""Herb_latin_name"": ""MORINDAE OFFICINALIS RADIX"", ""Properties"": ""甘、辛，微温"", ""Meridians"": ""归肾、肝经"", ""Function"": ""补肾阳，强筋骨，祛风湿""}"
HERB000143,菝葜,https://ydz.chp.org.cn/#/item?bookId=1&entryId=487,Herb_latin_name|UsePart|Properties|Meridians|Function,"{""Herb_latin_name"": ""SMILACIS CHINAE RHIZOMA"", ""UsePart"": ""根茎"", ""Properties"": ""甘、微苦、涩，平"", ""Meridians"": ""归肝、肾经"", ""Function"": ""利湿去浊，祛风除痹，解毒散瘀""}"
HERB000177,白矾,https://ydz.chp.org.cn/#/item?bookId=1&entryId=158,Properties|Meridians,"{""Properties"": ""酸、涩，寒"", ""Meridians"": ""归肺、脾、肝、大肠经""}"
HERB000182,白附子,https://ydz.chp.org.cn/#/item?bookId=1&entryId=156,UsePart,"{""UsePart"": ""块茎""}"
HERB000216,白及,https://ydz.chp.org.cn/#/item?bookId=1&entryId=151,Herb_latin_name|UsePart|Properties|Meridians|Function,"{""Herb_latin_name"": ""BLETILLAE RHIZOMA"", ""UsePart"": ""块茎"", ""Properties"": ""苦、甘、涩，微寒"", ""Meridians"": ""归肺、肝、胃经"", ""Function"": ""收敛止血，消肿生肌""}"
HERB000242,白茅根,https://ydz.chp.org.cn/#/item?bookId=1&entryId=157,UsePart,"{""UsePart"": ""根茎""}"
HERB000243,白茅根,https://ydz.chp.org.cn/#/item?bookId=1&entryId=157,Herb_latin_name|UsePart|Properties|Meridians|Function|Indication,"{""Herb_latin_name"": ""IMPERATAE RHIZOMA"", ""UsePart"": ""根茎"", ""Properties"": ""甘，寒"", ""Meridians"": ""归肺、胃、膀胱经"", ""Function"": ""凉血止血，清热利尿"", ""Indication"": ""用于血热吐血，衄血，尿血，热病烦渴，湿热黄疸，水肿尿少，热淋涩痛。""}"
HERB000245,白茅根,https://ydz.chp.org.cn/#/item?bookId=1&entryId=157,UsePart|Properties|Meridians|Function|Indication,"{""UsePart"": ""根茎"", ""Properties"": ""甘，寒"", ""Meridians"": ""归肺、胃、膀胱经"", ""Function"": ""凉血止血，清热利尿"", ""Indication"": ""用于血热吐血，衄血，尿血，热病烦渴，湿热黄疸，水肿尿少，热淋涩痛。""}"
HERB000244,白茅根,https://ydz.chp.org.cn/#/item?bookId=1&entryId=157,Properties|Meridians,"{""Properties"": ""甘，寒"", ""Meridians"": ""归肺、胃、膀胱经""}"
HERB000257,白前,https://ydz.chp.org.cn/#/item?bookId=1&entryId=161,UsePart,"{""UsePart"": ""根茎""}"
HERB000259,白屈菜,https://ydz.chp.org.cn/#/item?bookId=1&entryId=160,Herb_latin_name|Properties|Meridians|Function,"{""Herb_latin_name"": ""CHELIDONII HERBA"", ""Properties"": ""苦，凉；有毒"", ""Meridians"": ""归肺、胃经"", ""Function"": ""解痉止痛，止咳平喘""}"
HERB000286,白鲜皮,https://ydz.chp.org.cn/#/item?bookId=1&entryId=164,Herb_latin_name|UsePart|Properties|Meridians|Function,"{""Herb_latin_name"": ""DICTAMNI CORTEX"", ""UsePart"": ""根皮"", ""Properties"": ""苦，寒"", ""Meridians"": ""归脾、胃、膀胱经"", ""Function"": ""清热燥湿，祛风解毒""}"
HERB000305,白芷,https://ydz.chp.org.cn/#/item?bookId=1&entryId=155,Meridians,"{""Meridians"": ""归胃、大肠、肺经""}"
HERB000325,斑蝥,https://ydz.chp.org.cn/#/item?bookId=1&entryId=525,Herb_latin_name|Properties|Meridians|Function,"{""Herb_latin_name"": ""MYLABRIS"", ""Properties"": ""辛，热；有大毒"", ""Meridians"": ""归肝、胃、肾经"", ""Function"": ""破血逐瘀，散结消癥，攻毒蚀疮""}"
HERB000312,半边莲,https://ydz.chp.org.cn/#/item?bookId=1&entryId=177,Properties|Meridians,"{""Properties"": ""辛，平"", ""Meridians"": ""归心、小肠、肺经""}"
HERB000373,北豆根,https://ydz.chp.org.cn/#/item?bookId=1&entryId=145,UsePart|Properties|Meridians,"{""UsePart"": ""根茎"", ""Properties"": ""苦，寒；有小毒"", ""Meridians"": ""归肺、胃、大肠经""}"
HERB000387,北刘寄奴,https://ydz.chp.org.cn/#/item?bookId=1&entryId=144,Herb_latin_name|UsePart|Properties|Meridians|Function|Indication,"{""Herb_latin_name"": ""SIPHONOSTEGIAE HERBA"", ""UsePart"": ""全草"", ""Properties"": ""苦，寒"", ""Meridians"": ""归脾、胃、肝、胆经"", ""Function"": ""活血祛瘀，通经止痛，凉血，止血，清热利湿"", ""Indication"": ""用于跌打损伤，外伤出血，瘀血经闭，月经不调，产后瘀痛，癥瘕积聚，血痢，血淋，湿热黄疸，水肿腹胀，白带过多。""}"
HERB000418,荜澄茄,https://ydz.chp.org.cn/#/item?bookId=1&entryId=367,Herb_latin_name|UsePart|Properties|Meridians|Function,"{""Herb_latin_name"": ""LITSEAE FRUCTUS"", ""UsePart"": ""成熟果实"", ""Properties"": ""辛，温"", ""Meridians"": ""归脾、胃、肾、膀胱经"", ""Function"": ""温中散寒，行气止痛""}"
HERB000415,荜茇,https://ydz.chp.org.cn/#/item?bookId=1&entryId=366,Herb_latin_name|Properties|Meridians|Function,"{""Herb_latin_name"": ""PIPERIS LONGI FRUCTUS"", ""Properties"": ""辛，热"", ""Meridians"": ""归胃、大肠经"", ""Function"": ""温中散寒，下气止痛""}"
HERB000483,荜澄茄,https://ydz.chp.org.cn/#/item?bookId=1&entryId=367,Herb_latin_name|UsePart|Properties|Meridians|Function|Indication,"{""Herb_latin_name"": ""LITSEAE FRUCTUS"", ""UsePart"": ""成熟果实"", ""Properties"": ""辛，温"", ""Meridians"": ""归脾、胃、肾、膀胱经"", ""Function"": ""温中散寒，行气止痛"", ""Indication"": ""用于胃寒呕逆，脘腹冷痛，寒疝腹痛，寒湿郁滞，小便浑浊。""}"
HERB000553,布渣叶,https://ydz.chp.org.cn/#/item?bookId=1&entryId=139,Herb_latin_name|UsePart|Properties|Meridians|Function|Indication,"{""Herb_latin_name"": ""MICROCTIS FOLIUM"", ""UsePart"": ""叶"", ""Properties"": ""微酸，凉"", ""Meridians"": ""归脾、胃经"", ""Function"": ""消食化滞，清热利湿"", ""Indication"": ""用于饮食积滞，感冒发热，湿热黄疸。""}"
HERB000571,蝉蜕,https://ydz.chp.org.cn/#/item?bookId=1&entryId=587,Indication,"{""Indication"": ""用于风热感冒，咽痛音哑，麻疹不透，风疹瘙痒，目赤翳障，惊风抽搐，破伤风。""}"
HERB000580,苍耳子,https://ydz.chp.org.cn/#/item?bookId=1&entryId=251,UsePart,"{""UsePart"": ""果实""}"
HERB000594,草果,https://ydz.chp.org.cn/#/item?bookId=1&entryId=372,UsePart,"{""UsePart"": ""成熟果实""}"
HERB000607,草乌叶,https://ydz.chp.org.cn/#/item?bookId=1&entryId=370,UsePart|Properties,"{""UsePart"": ""叶"", ""Properties"": ""辛、涩，平；有小毒""}"
HERB000604,草乌,https://ydz.chp.org.cn/#/item?bookId=1&entryId=368,UsePart,"{""UsePart"": ""块根""}"
HERB000613,海风藤,https://ydz.chp.org.cn/#/item?bookId=1&entryId=462,Herb_latin_name|UsePart|Properties|Meridians|Function|Indication,"{""Herb_latin_name"": ""PIPERIS KADSURAE CAULIS"", ""UsePart"": ""藤茎"", ""Properties"": ""辛、苦，微温"", ""Meridians"": ""归肝经"", ""Function"": ""祛风湿，通经络，止痹痛"", ""Indication"": ""用于风寒湿痹，肢节疼痛，筋脉拘挛，屈伸不利。""}"
HERB000689,马钱子,https://ydz.chp.org.cn/#/item?bookId=1&entryId=72,Properties|Meridians|Function|Indication,"{""Properties"": ""苦，温；有大毒"", ""Meridians"": ""归肝、脾经"", ""Function"": ""通络止痛，散结消肿"", ""Indication"": ""用于跌打损伤，骨折肿痛，风湿顽痹，麻木瘫痪，痈疽疮毒，咽喉肿痛。""}"
HERB000709,巴豆,https://ydz.chp.org.cn/#/item?bookId=1&entryId=116,UsePart|Properties|Meridians|Function|Indication,"{""UsePart"": ""成熟果实"", ""Properties"": ""辛，热；有大毒"", ""Meridians"": ""归胃、大肠经"", ""Function"": ""外用蚀疮"", ""Indication"": ""用于恶疮疥癣，疣痣。""}"
HERB000742,当归,https://ydz.chp.org.cn/#/item?bookId=1&entryId=204,Herb_latin_name|UsePart|Properties|Meridians|Function|Indication,"{""Herb_latin_name"": ""ANGELICAE SINENSIS RADIX"", ""UsePart"": ""根"", ""Properties"": ""甘、辛，温"", ""Meridians"": ""归肝、心、脾经"", ""Function"": ""补血活血，调经止痛，润肠通便"", ""Indication"": ""用于血虚萎黄，眩晕心悸，月经不调，经闭痛经，虚寒腹痛，风湿痹痛，跌扑损伤，痈疽疮疡，肠燥便秘。酒当归活血通经。用于经闭痛经，风湿痹痛，跌扑损伤。""}"
HERB000767,车前草,https://ydz.chp.org.cn/#/item?bookId=1&entryId=100,UsePart,"{""UsePart"": ""全草""}"
HERB000800,赤芍,https://ydz.chp.org.cn/#/item?bookId=1&entryId=245,UsePart,"{""UsePart"": ""根""}"
HERB000822,茺蔚子,https://ydz.chp.org.cn/#/item?bookId=1&entryId=376,UsePart,"{""UsePart"": ""成熟果实""}"
HERB000818,重楼,https://ydz.chp.org.cn/#/item?bookId=1&entryId=409,Properties|Meridians,"{""Properties"": ""苦，微寒；有小毒"", ""Meridians"": ""归肝经""}"
HERB000842,楮实子,https://ydz.chp.org.cn/#/item?bookId=1&entryId=530,Herb_latin_name|UsePart|Properties|Meridians|Function|Indication,"{""Herb_latin_name"": ""BROUSSONETIAE FRUCTUS"", ""UsePart"": ""成熟果实"", ""Properties"": ""甘，寒"", ""Meridians"": ""归肝、肾经"", ""Function"": ""补肾清肝，明目，利尿"", ""Indication"": ""用于肝肾不足，腰膝酸软，虚劳骨蒸，头晕目昏，目生翳膜，水肿胀满。""}"
HERB000871,川木香,https://ydz.chp.org.cn/#/item?bookId=1&entryId=50,Properties|Meridians,"{""Properties"": ""辛、苦，温"", ""Meridians"": ""归脾、胃、大肠、胆经""}"
HERB000870,川木通,https://ydz.chp.org.cn/#/item?bookId=1&entryId=51,UsePart|Properties|Meridians,"{""UsePart"": ""藤茎"", ""Properties"": ""苦，寒"", ""Meridians"": ""归心、小肠、膀胱经""}"
HERB000877,穿山龙,https://ydz.chp.org.cn/#/item?bookId=1&entryId=422,UsePart,"{""UsePart"": ""根茎""}"
HERB000879,川射干,https://ydz.chp.org.cn/#/item?bookId=1&entryId=57,Herb_latin_name|UsePart|Properties|Meridians|Function|Indication,"{""Herb_latin_name"": ""IRIDIS TECTORI RHIZOMA"", ""UsePart"": ""根茎"", ""Properties"": ""苦，寒"", ""Meridians"": ""归肺经"", ""Function"": ""清热解毒，祛痰，利咽"", ""Indication"": ""用于热毒痰火郁结，咽喉肿痛，痰涎壅盛，咳嗽气喘。""}"
HERB000903,椿皮,https://ydz.chp.org.cn/#/item?bookId=1&entryId=562,UsePart,"{""UsePart"": ""根皮""}"
HERB000892,垂盆草,https://ydz.chp.org.cn/#/item?bookId=1&entryId=330,UsePart,"{""UsePart"": ""全草""}"
HERB000963,龙胆,https://ydz.chp.org.cn/#/item?bookId=1&entryId=140,UsePart|Properties|Meridians|Function|Indication,"{""UsePart"": ""根"", ""Properties"": ""苦，寒"", ""Meridians"": ""归肝、胆经"", ""Function"": ""清热燥湿，泻肝胆火"", ""Indication"": ""用于湿热黄疸，阴肿阴痒，带下，湿疹瘙痒，肝火目赤，耳鸣耳聋，胁痛口苦，强中，惊风抽搐。""}"
HERB001034,大腹皮,https://ydz.chp.org.cn/#/item?bookId=1&entryId=35,Herb_latin_name|UsePart|Properties|Meridians|Function,"{""Herb_latin_name"": ""ARECAE PERICARPIUM"", ""UsePart"": ""果实"", ""Properties"": ""辛，微温"", ""Meridians"": ""归脾、胃、大肠、小肠经"", ""Function"": ""行气宽中，行水消肿""}"
HERB001074,大蓟,https://ydz.chp.org.cn/#/item?bookId=1&entryId=33,UsePart|Indication,"{""UsePart"": ""地上部分"", ""Indication"": ""用于衄血，吐血，尿血，便血，崩漏，外伤出血，痈肿疮毒。""}"
HERB001077,大蓟,https://ydz.chp.org.cn/#/item?bookId=1&entryId=33,Herb_latin_name|UsePart|Properties|Meridians|Function|Indication,"{""Herb_latin_name"": ""CIRSII JAPONICI HERBA"", ""UsePart"": ""地上部分"", ""Properties"": ""甘、苦，凉"", ""Meridians"": ""归心、肝经"", ""Function"": ""凉血止血，散瘀解毒消痈"", ""Indication"": ""用于衄血，吐血，尿血，便血，崩漏，外伤出血，痈肿疮毒。""}"
HERB001079,大蓟,https://ydz.chp.org.cn/#/item?bookId=1&entryId=33,Properties|Meridians,"{""Properties"": ""甘、苦，凉"", ""Meridians"": ""归心、肝经""}"
HERB001080,大蓟,https://ydz.chp.org.cn/#/item?bookId=1&entryId=33,Properties|Meridians,"{""Properties"": ""甘、苦，凉"", ""Meridians"": ""归心、肝经""}"
HERB001078,大蓟,https://ydz.chp.org.cn/#/item?bookId=1&entryId=33,Herb_latin_name|UsePart|Properties|Meridians|Function|Indication,"{""Herb_latin_name"": ""CIRSII JAPONICI HERBA"", ""UsePart"": ""地上部分"", ""Properties"": ""甘、苦，凉"", ""Meridians"": ""归心、肝经"", ""Function"": ""凉血止血，散瘀解毒消痈"", ""Indication"": ""用于衄血，吐血，尿血，便血，崩漏，外伤出血，痈肿疮毒。""}"
HERB001158,大叶紫珠,https://ydz.chp.org.cn/#/item?bookId=1&entryId=24,Properties|Meridians,"{""Properties"": ""辛、苦，平"", ""Meridians"": ""归肝、肺、胃经""}"
HERB001192,胆南星,https://ydz.chp.org.cn/#/item?bookId=1&entryId=412,Meridians,"{""Meridians"": ""归肺、肝、脾经""}"
HERB001215,刀豆,https://ydz.chp.org.cn/#/item?bookId=1&entryId=11,Properties|Meridians,"{""Properties"": ""甘，温"", ""Meridians"": ""归胃、肾经""}"
HERB001213,当药,https://ydz.chp.org.cn/#/item?bookId=1&entryId=205,Properties|Meridians,"{""Properties"": ""苦，寒"", ""Meridians"": ""归肝、胃、大肠经""}"
HERB001247,地肤子,https://ydz.chp.org.cn/#/item?bookId=1&entryId=188,UsePart,"{""UsePart"": ""成熟果实""}"
HERB001249,地骨皮,https://ydz.chp.org.cn/#/item?bookId=1&entryId=189,UsePart,"{""UsePart"": ""根皮""}"
HERB001251,地黄,https://ydz.chp.org.cn/#/item?bookId=1&entryId=190,Herb_latin_name|UsePart|Properties|Meridians|Function|Indication,"{""Herb_latin_name"": ""REHMANNIAE RADIX"", ""UsePart"": ""块根"", ""Properties"": ""鲜地黄 甘、苦，寒"", ""Meridians"": ""归心、肝、肾经"", ""Function"": ""鲜地黄 清热生津，凉血，止血"", ""Indication"": ""用于热病伤阴，舌绛烦渴，温毒发斑，吐血，衄血，咽喉肿痛。 生地黄 清热凉血，养阴生津。用于热入营血，温毒发斑，吐血衄血，热病伤阴，舌绛烦渴，津伤便秘，阴虚发热，骨蒸劳热，内热消渴。""}"
HERB001360,冬葵果,https://ydz.chp.org.cn/#/item?bookId=1&entryId=174,UsePart,"{""UsePart"": ""成熟果实""}"
HERB001378,豆蔻,https://ydz.chp.org.cn/#/item?bookId=1&entryId=261,UsePart|Properties|Meridians,"{""UsePart"": ""成熟果实"", ""Properties"": ""辛，温"", ""Meridians"": ""归肺、脾、胃经""}"
HERB001410,杜仲叶,https://ydz.chp.org.cn/#/item?bookId=1&entryId=258,Herb_latin_name|Properties|Meridians|Function,"{""Herb_latin_name"": ""EUCOMMIAE FOLIUM"", ""Properties"": ""微辛，温"", ""Meridians"": ""归肝、肾经"", ""Function"": ""补肝肾，强筋骨""}"
HERB001407,独一味,https://ydz.chp.org.cn/#/item?bookId=1&entryId=414,Meridians,"{""Meridians"": ""归肝经""}"
HERB001441,煅石膏,https://ydz.chp.org.cn/#/item?bookId=1&entryId=138,Properties|Meridians,"{""Properties"": ""甘、辛、涩，寒"", ""Meridians"": ""归肺、胃经""}"
HERB001448,断血流,https://ydz.chp.org.cn/#/item?bookId=1&entryId=516,UsePart|Properties|Meridians,"{""UsePart"": ""地上部分"", ""Properties"": ""微苦、涩，凉"", ""Meridians"": ""归肝经""}"
HERB001556,鹅不食草,https://ydz.chp.org.cn/#/item?bookId=1&entryId=551,Properties|Meridians,"{""Properties"": ""辛，温"", ""Meridians"": ""归肺经""}"
HERB001579,莪术,https://ydz.chp.org.cn/#/item?bookId=1&entryId=433,UsePart,"{""UsePart"": ""根茎""}"
HERB001610,翻白草,https://ydz.chp.org.cn/#/item?bookId=1&entryId=613,Properties|Meridians,"{""Properties"": ""甘、微苦，平"", ""Meridians"": ""归肝、胃、大肠经""}"
HERB001621,番泻叶,https://ydz.chp.org.cn/#/item?bookId=1&entryId=552,Meridians,"{""Meridians"": ""归大肠经""}"
HERB001683,粉葛,https://ydz.chp.org.cn/#/item?bookId=1&entryId=456,UsePart|Properties|Meridians|Function|Indication,"{""UsePart"": ""根"", ""Properties"": ""甘、辛，凉"", ""Meridians"": ""归脾、胃经"", ""Function"": ""解肌退热，生津止渴，透疹，升阳止泻，通经活络，解酒毒"", ""Indication"": ""用于外感发热头痛，项背强痛，口渴，消渴，麻疹不透，热痢，泄泻，眩晕头痛，中风偏瘫，胸痹心痛，酒毒伤中。""}"
HERB001679,粉萆薢,https://ydz.chp.org.cn/#/item?bookId=1&entryId=455,Herb_latin_name|UsePart|Properties|Meridians|Function,"{""Herb_latin_name"": ""DIOSCOREAE HYPOGLAUCAE RHIZOMA"", ""UsePart"": ""根茎"", ""Properties"": ""苦，平"", ""Meridians"": ""归肾、胃经"", ""Function"": ""利湿去浊，祛风除痹""}"
HERB001705,蜂胶,https://ydz.chp.org.cn/#/item?bookId=1&entryId=569,Properties|Meridians,"{""Properties"": ""苦、辛，寒"", ""Meridians"": ""归脾、胃经""}"
HERB001702,蜂房,https://ydz.chp.org.cn/#/item?bookId=1&entryId=568,Properties|Meridians,"{""Properties"": ""甘，平"", ""Meridians"": ""归胃经""}"
HERB001706,蜂蜡,https://ydz.chp.org.cn/#/item?bookId=1&entryId=570,Properties|Meridians,"{""Properties"": ""甘，微温"", ""Meridians"": ""归脾经""}"
HERB001726,枫香脂,https://ydz.chp.org.cn/#/item?bookId=1&entryId=319,Properties|Meridians,"{""Properties"": ""辛、微苦，平"", ""Meridians"": ""归肺、脾经""}"
HERB001754,覆盆子,https://ydz.chp.org.cn/#/item?bookId=1&entryId=611,Herb_latin_name|UsePart|Properties|Meridians|Function,"{""Herb_latin_name"": ""RUBI FRUCTUS"", ""UsePart"": ""果实"", ""Properties"": ""甘、酸，温"", ""Meridians"": ""归肝、肾、膀胱经"", ""Function"": ""益肾固精缩尿，养肝明目""}"
HERB001773,泽兰,https://ydz.chp.org.cn/#/item?bookId=1&entryId=354,UsePart|Properties|Meridians|Function|Indication,"{""UsePart"": ""地上部分"", ""Properties"": ""苦、辛，微温"", ""Meridians"": ""归肝、脾经"", ""Function"": ""活血调经，祛瘀消痈，利水消肿"", ""Indication"": ""用于月经不调，经闭，痛经，产后瘀血腹痛，疮痈肿毒，水肿腹水。""}"
HERB001821,藁本,https://ydz.chp.org.cn/#/item?bookId=1&entryId=607,Herb_latin_name|UsePart|Properties|Meridians|Function,"{""Herb_latin_name"": ""LIGUSTICI RHIZOMA ET RADIX"", ""UsePart"": ""根茎"", ""Properties"": ""辛，温"", ""Meridians"": ""归膀胱经"", ""Function"": ""祛风，散寒，除湿，止痛""}"
HERB001852,高良姜,https://ydz.chp.org.cn/#/item?bookId=1&entryId=453,Herb_latin_name|UsePart|Properties|Meridians|Function,"{""Herb_latin_name"": ""ALPINIAE OFFICINARUM RHIZOMA"", ""UsePart"": ""根茎"", ""Properties"": ""辛，热"", ""Meridians"": ""归脾、胃经"", ""Function"": ""温胃止呕，散寒止痛""}"
HERB001861,高山辣根菜,https://ydz.chp.org.cn/#/item?bookId=1&entryId=452,Properties|Meridians|Function|Indication,"{""Properties"": ""苦、辛，寒"", ""Meridians"": ""归肺、肝经"", ""Function"": ""清热解毒，清肺止咳，止血，消肿"", ""Indication"": ""用于温病发热，肺热咳嗽，咯血，创伤出血，四肢浮肿。""}"
HERB001896,功劳木,https://ydz.chp.org.cn/#/item?bookId=1&entryId=124,UsePart,"{""UsePart"": ""茎""}"
HERB001901,枸骨叶,https://ydz.chp.org.cn/#/item?bookId=1&entryId=391,Herb_latin_name|UsePart|Properties|Meridians|Function,"{""Herb_latin_name"": ""ILICIS CORNUTAE FOLIUM"", ""UsePart"": ""叶"", ""Properties"": ""苦，凉"", ""Meridians"": ""归肝、肾经"", ""Function"": ""清热养阴，益肾，平肝""}"
HERB001952,瓜蒌,https://ydz.chp.org.cn/#/item?bookId=1&entryId=167,Herb_latin_name|UsePart|Properties|Meridians|Function,"{""Herb_latin_name"": ""TRICHOSANTHIS FRUCTUS"", ""UsePart"": ""成熟果实"", ""Properties"": ""甘、微苦，寒"", ""Meridians"": ""归肺、胃、大肠经"", ""Function"": ""清热涤痰，宽胸散结，润燥滑肠""}"
HERB001969,关黄柏,https://ydz.chp.org.cn/#/item?bookId=1&entryId=225,Herb_latin_name|UsePart|Properties|Meridians|Function|Indication,"{""Herb_latin_name"": ""PHELLODENDRI AMURENSIS CORTEX"", ""UsePart"": ""树皮"", ""Properties"": ""苦，寒"", ""Meridians"": ""归肾、膀胱经"", ""Function"": ""清热燥湿，泻火除蒸，解毒疗疮"", ""Indication"": ""用于湿热泻痢，黄疸尿赤，带下阴痒，热淋涩痛，脚气痿躄，骨蒸劳热，盗汗，遗精，疮疡肿毒，湿疹湿疮。盐关黄柏滋阴降火。用于阴虚火旺，盗汗骨蒸。""}"
HERB001981,贯叶金丝桃,https://ydz.chp.org.cn/#/item?bookId=1&entryId=358,Herb_latin_name|UsePart|Properties|Meridians|Function|Indication,"{""Herb_latin_name"": ""HYPERICI PERFORATI HERBA"", ""UsePart"": ""地上部分"", ""Properties"": ""辛，寒"", ""Meridians"": ""归肝经"", ""Function"": ""疏肝解郁，清热利湿，消肿通乳"", ""Indication"": ""用于肝气郁结，情志不畅，心胸郁闷，关节肿痛，乳痈，乳少。""}"
HERB002002,广藿香,https://ydz.chp.org.cn/#/item?bookId=1&entryId=62,Herb_latin_name|UsePart|Properties|Meridians|Function,"{""Herb_latin_name"": ""POGOSTEMONIS HERBA"", ""UsePart"": ""地上部分"", ""Properties"": ""辛，微温"", ""Meridians"": ""归脾、胃、肺经"", ""Function"": ""芳香化浊，和中止呕，发表解暑""}"
HERB002007,广金钱草,https://ydz.chp.org.cn/#/item?bookId=1&entryId=61,Properties|Meridians,"{""Properties"": ""甘、淡，凉"", ""Meridians"": ""归肝、肾、膀胱经""}"
HERB002040,广枣,https://ydz.chp.org.cn/#/item?bookId=1&entryId=60,UsePart,"{""UsePart"": ""成熟果实""}"
HERB002182,鹤虱,https://ydz.chp.org.cn/#/item?bookId=1&entryId=599,UsePart,"{""UsePart"": ""成熟果实""}"
HERB002172,合欢花,https://ydz.chp.org.cn/#/item?bookId=1&entryId=222,Properties|Meridians,"{""Properties"": ""甘，平"", ""Meridians"": ""归心、肝经""}"
HERB002189,核桃仁,https://ydz.chp.org.cn/#/item?bookId=1&entryId=439,Properties|Meridians,"{""Properties"": ""甘，温"", ""Meridians"": ""归肾、肺、大肠经""}"
HERB002209,黑豆,https://ydz.chp.org.cn/#/item?bookId=1&entryId=547,Function|Indication,"{""Function"": ""益精明目，养血祛风，利水，解毒"", ""Indication"": ""用于阴虚烦渴，头晕目昏，体虚多汗，肾虚腰痛，水肿尿少，痹痛拘挛，手足麻木，药食中毒。""}"
HERB002267,红粉,https://ydz.chp.org.cn/#/item?bookId=1&entryId=238,Properties|Meridians,"{""Properties"": ""辛，热；有大毒"", ""Meridians"": ""归肺、脾经""}"
HERB002263,红豆蔻,https://ydz.chp.org.cn/#/item?bookId=1&entryId=236,Properties|Meridians,"{""Properties"": ""辛，温"", ""Meridians"": ""归脾、肺经""}"
HERB002280,红花龙胆,https://ydz.chp.org.cn/#/item?bookId=1&entryId=233,Properties|Meridians,"{""Properties"": ""苦，寒"", ""Meridians"": ""归肝、胆经""}"
HERB002294,红景天,https://ydz.chp.org.cn/#/item?bookId=1&entryId=239,Indication,"{""Indication"": ""用于气虚血瘀，胸痹心痛，中风偏瘫，倦怠气喘。""}"
HERB002298,洪连,https://ydz.chp.org.cn/#/item?bookId=1&entryId=420,Properties|Meridians|Function|Indication,"{""Properties"": ""苦、甘，寒"", ""Meridians"": ""归肺、心、肝经"", ""Function"": ""清热，解毒，利湿，平肝，行血，调经"", ""Indication"": ""用于发热烦渴，肺热咳嗽，头痛眩晕，湿热黄疸，月经不调，药食中毒。""}"
HERB002309,红芪,https://ydz.chp.org.cn/#/item?bookId=1&entryId=234,Herb_latin_name|UsePart|Properties|Meridians|Function,"{""Herb_latin_name"": ""HEDYSARI RADIX"", ""UsePart"": ""根"", ""Properties"": ""甘，微温"", ""Meridians"": ""归肺、脾经"", ""Function"": ""补气升阳，固表止汗，利水消肿，生津养血，行滞通痹，托毒排脓，敛疮生肌""}"
HERB002319,红参,https://ydz.chp.org.cn/#/item?bookId=1&entryId=237,UsePart,"{""UsePart"": ""根""}"
HERB002339,厚朴,https://ydz.chp.org.cn/#/item?bookId=1&entryId=394,Properties|Meridians,"{""Properties"": ""苦、辛，温"", ""Meridians"": ""归脾、胃、肺、大肠经""}"
HERB002353,湖北贝母,https://ydz.chp.org.cn/#/item?bookId=1&entryId=553,Properties|Meridians,"{""Properties"": ""微苦，凉"", ""Meridians"": ""归肺、心经""}"
HERB002343,厚朴花,https://ydz.chp.org.cn/#/item?bookId=1&entryId=395,Properties|Meridians,"{""Properties"": ""苦，微温"", ""Meridians"": ""归脾、胃经""}"
HERB002340,厚朴花,https://ydz.chp.org.cn/#/item?bookId=1&entryId=395,Herb_latin_name|UsePart|Properties|Meridians|Function|Indication,"{""Herb_latin_name"": ""MAGNOLIAE OFFICINALIS FLOS"", ""UsePart"": ""花蕾"", ""Properties"": ""苦，微温"", ""Meridians"": ""归脾、胃经"", ""Function"": ""芳香化湿，理气宽中"", ""Indication"": ""用于脾胃湿阻气滞，胸脘痞闷胀满，纳谷不香。""}"
HERB002369,胡黄连,https://ydz.chp.org.cn/#/item?bookId=1&entryId=378,Herb_latin_name|UsePart|Properties|Meridians|Function,"{""Herb_latin_name"": ""PICRORHIZAE RHIZOMA"", ""UsePart"": ""根茎"", ""Properties"": ""苦，寒"", ""Meridians"": ""归肝、胃、大肠经"", ""Function"": ""退虚热，除疳热，清湿热""}"
HERB002376,胡芦巴,https://ydz.chp.org.cn/#/item?bookId=1&entryId=377,Herb_latin_name|Properties|Meridians|Function,"{""Herb_latin_name"": ""TRIGONELLAE SEMEN"", ""Properties"": ""苦，温"", ""Meridians"": ""归肾经"", ""Function"": ""温肾助阳，祛寒止痛""}"
HERB002446,华山参,https://ydz.chp.org.cn/#/item?bookId=1&entryId=215,Herb_latin_name|UsePart|Properties|Meridians|Function,"{""Herb_latin_name"": ""PHYSOCHLAINAE RADIX"", ""UsePart"": ""根"", ""Properties"": ""甘、微苦，温；有毒"", ""Meridians"": ""归肺、心经"", ""Function"": ""温肺祛痰，平喘止咳，安神镇惊""}"
HERB002472,槐花,https://ydz.chp.org.cn/#/item?bookId=1&entryId=563,UsePart,"{""UsePart"": ""花""}"
HERB002489,黄柏,https://ydz.chp.org.cn/#/item?bookId=1&entryId=482,Indication,"{""Indication"": ""用于湿热泻痢，黄疸尿赤，带下阴痒，热淋涩痛，脚气痿躄，骨蒸劳热，盗汗，遗精，疮疡肿毒，湿疹湿疮。盐黄柏滋阴降火。用于阴虚火旺，盗汗骨蒸。""}"
HERB002473,槐角,https://ydz.chp.org.cn/#/item?bookId=1&entryId=564,UsePart|Indication,"{""UsePart"": ""成熟果实"", ""Indication"": ""用于肠热便血，痔肿出血，肝热头痛，眩晕目赤。""}"
HERB002574,黄蜀葵花,https://ydz.chp.org.cn/#/item?bookId=1&entryId=483,Properties|Meridians,"{""Properties"": ""甘、寒"", ""Meridians"": ""归肾、膀胱经""}"
HERB002573,黄山药,https://ydz.chp.org.cn/#/item?bookId=1&entryId=477,UsePart|Properties|Meridians,"{""UsePart"": ""根茎"", ""Properties"": ""苦、微辛，平"", ""Meridians"": ""归胃、心经""}"
HERB002650,珍珠母,https://ydz.chp.org.cn/#/item?bookId=1&entryId=360,Properties|Meridians,"{""Properties"": ""咸，寒"", ""Meridians"": ""归肝、心经""}"
HERB002679,蒺藜,https://ydz.chp.org.cn/#/item?bookId=1&entryId=559,UsePart|Properties|Meridians,"{""UsePart"": ""成熟果实"", ""Properties"": ""辛、苦，微温；有小毒"", ""Meridians"": ""归肝经""}"
HERB002714,鸡血藤,https://ydz.chp.org.cn/#/item?bookId=1&entryId=297,UsePart,"{""UsePart"": ""藤茎""}"
HERB002835,僵蚕,https://ydz.chp.org.cn/#/item?bookId=1&entryId=598,Properties|Meridians|Function|Indication,"{""Properties"": ""咸、辛，平"", ""Meridians"": ""归肝、肺、胃经"", ""Function"": ""息风止痉，祛风止痛，化痰散结"", ""Indication"": ""用于肝风夹痰，惊痫抽搐，小儿急惊风，破伤风，中风口㖞，风热头痛，目赤咽痛，风疹瘙痒，发颐痄腮。""}"
HERB002852,焦槟榔,https://ydz.chp.org.cn/#/item?bookId=1&entryId=582,Properties|Meridians,"{""Properties"": ""苦、辛，温"", ""Meridians"": ""归胃、大肠经""}"
HERB002887,芥子,https://ydz.chp.org.cn/#/item?bookId=1&entryId=249,Properties|Meridians,"{""Properties"": ""辛，温"", ""Meridians"": ""归肺经""}"
HERB002871,焦栀子,https://ydz.chp.org.cn/#/item?bookId=1&entryId=389,Properties|Meridians|Function|Indication,"{""Properties"": ""苦，寒"", ""Meridians"": ""归心、肺、三焦经"", ""Function"": ""凉血止血"", ""Indication"": ""用于血热吐血，衄血，尿血，崩漏。""}"
HERB002893,锦灯笼,https://ydz.chp.org.cn/#/item?bookId=1&entryId=572,Herb_latin_name|Properties|Meridians|Function|Indication,"{""Herb_latin_name"": ""PHYSALIS CALYX SEU FRUCTUS"", ""Properties"": ""苦，寒"", ""Meridians"": ""归肺经"", ""Function"": ""清热解毒，利咽化痰，利尿通淋"", ""Indication"": ""用于咽痛音哑，痰热咳嗽，小便不利，热淋涩痛；外治天疱疮，湿疹。""}"
HERB002902,筋骨草,https://ydz.chp.org.cn/#/item?bookId=1&entryId=550,Properties|Meridians,"{""Properties"": ""苦，寒"", ""Meridians"": ""归肺经""}"
HERB002941,金荞麦,https://ydz.chp.org.cn/#/item?bookId=1&entryId=338,UsePart|Properties|Meridians,"{""UsePart"": ""根茎"", ""Properties"": ""微辛、涩，凉"", ""Meridians"": ""归肺经""}"
HERB002937,金钱草,https://ydz.chp.org.cn/#/item?bookId=1&entryId=340,UsePart,"{""UsePart"": ""全草""}"
HERB002954,金铁锁,https://ydz.chp.org.cn/#/item?bookId=1&entryId=341,Properties|Meridians,"{""Properties"": ""苦、辛，温；有小毒"", ""Meridians"": ""归肝经""}"
HERB002991,金荞麦,https://ydz.chp.org.cn/#/item?bookId=1&entryId=338,Herb_latin_name|UsePart|Properties|Meridians|Function|Indication,"{""Herb_latin_name"": ""FAGOPYRI DIBOTRYIS RHIZOMA"", ""UsePart"": ""根茎"", ""Properties"": ""微辛、涩，凉"", ""Meridians"": ""归肺经"", ""Function"": ""清热解毒，排脓祛瘀"", ""Indication"": ""用于肺痈吐脓，肺热喘咳，乳蛾肿痛。""}"
HERB002976,京大戟,https://ydz.chp.org.cn/#/item?bookId=1&entryId=349,UsePart|Properties|Meridians,"{""UsePart"": ""根"", ""Properties"": ""苦，寒；有毒"", ""Meridians"": ""归肺、脾、肾经""}"
HERB002986,荆芥穗,https://ydz.chp.org.cn/#/item?bookId=1&entryId=363,Herb_latin_name|UsePart|Properties|Meridians|Function|Indication,"{""Herb_latin_name"": ""SCHIZONEPETAE SPICA"", ""UsePart"": ""花"", ""Properties"": ""辛，微温"", ""Meridians"": ""归肺、肝经"", ""Function"": ""解表散风，透疹，消疮"", ""Indication"": ""用于感冒，头痛，麻疹，风疹，疮疡初起。""}"
HERB003000,救必应,https://ydz.chp.org.cn/#/item?bookId=1&entryId=492,Properties|Meridians,"{""Properties"": ""苦，寒"", ""Meridians"": ""归肺、胃、大肠、肝经""}"
HERB003004,韭菜子,https://ydz.chp.org.cn/#/item?bookId=1&entryId=400,Properties|Meridians,"{""Properties"": ""辛、甘，温"", ""Meridians"": ""归肝、肾经""}"
HERB003010,九里香,https://ydz.chp.org.cn/#/item?bookId=1&entryId=9,Properties|Meridians,"{""Properties"": ""辛、微苦，温；有小毒"", ""Meridians"": ""归肝、胃经""}"
HERB003028,橘红,https://ydz.chp.org.cn/#/item?bookId=1&entryId=604,Herb_latin_name|Properties|Meridians|Function|Indication,"{""Herb_latin_name"": ""CITRI EXOCARPIUM RUBRUM"", ""Properties"": ""辛、苦，温"", ""Meridians"": ""归肺、脾经"", ""Function"": ""理气宽中，燥湿化痰"", ""Indication"": ""用于咳嗽痰多，食积伤酒，呕恶痞闷。""}"
HERB003039,菊苣,https://ydz.chp.org.cn/#/item?bookId=1&entryId=489,UsePart|Properties|Meridians,"{""UsePart"": ""地上部分"", ""Properties"": ""微苦、咸，凉"", ""Meridians"": ""归肝、胆、胃经""}"
HERB003136,苦地丁,https://ydz.chp.org.cn/#/item?bookId=1&entryId=311,Function,"{""Function"": ""清热解毒，散结消肿""}"
HERB003153,苦楝皮,https://ydz.chp.org.cn/#/item?bookId=1&entryId=314,Herb_latin_name|UsePart|Properties|Meridians|Function,"{""Herb_latin_name"": ""MELIAE CORTEX"", ""UsePart"": ""树皮"", ""Properties"": ""苦，寒；有毒"", ""Meridians"": ""归肝、脾、胃经"", ""Function"": ""杀虫，疗癣""}"
HERB003159,苦木,https://ydz.chp.org.cn/#/item?bookId=1&entryId=309,Properties|Meridians,"{""Properties"": ""苦，寒；有小毒"", ""Meridians"": ""归肺、大肠经""}"
HERB003167,苦参,https://ydz.chp.org.cn/#/item?bookId=1&entryId=313,Properties|Meridians,"{""Properties"": ""苦，寒"", ""Meridians"": ""归心、肝、胃、大肠、膀胱经""}"
HERB003175,苦玄参,https://ydz.chp.org.cn/#/item?bookId=1&entryId=310,Properties|Meridians,"{""Properties"": ""苦，寒"", ""Meridians"": ""归肺、胃、肝经""}"
HERB003192,款冬花,https://ydz.chp.org.cn/#/item?bookId=1&entryId=526,UsePart,"{""UsePart"": ""花蕾""}"
HERB003232,辣椒,https://ydz.chp.org.cn/#/item?bookId=1&entryId=589,Function,"{""Function"": ""温中散寒，开胃消食""}"
HERB003269,狼毒,https://ydz.chp.org.cn/#/item?bookId=1&entryId=450,Properties|Meridians,"{""Properties"": ""辛，平；有毒"", ""Meridians"": ""归肝、脾经""}"
HERB003291,雷丸,https://ydz.chp.org.cn/#/item?bookId=1&entryId=565,UsePart,"{""UsePart"": ""菌核""}"
HERB003353,莲房,https://ydz.chp.org.cn/#/item?bookId=1&entryId=431,UsePart|Properties|Meridians,"{""UsePart"": ""花"", ""Properties"": ""苦、涩，温"", ""Meridians"": ""归肝经""}"
HERB003359,连钱草,https://ydz.chp.org.cn/#/item?bookId=1&entryId=264,Herb_latin_name|UsePart|Properties|Meridians|Function,"{""Herb_latin_name"": ""GLECHOMAE HERBA"", ""UsePart"": ""地上部分"", ""Properties"": ""辛、微苦，微寒"", ""Meridians"": ""归肝、肾、膀胱经"", ""Function"": ""利湿通淋，清热解毒，散瘀消肿""}"
HERB003360,连钱草,https://ydz.chp.org.cn/#/item?bookId=1&entryId=264,Properties|Meridians,"{""Properties"": ""辛、微苦，微寒"", ""Meridians"": ""归肝、肾、膀胱经""}"
HERB003384,两面针,https://ydz.chp.org.cn/#/item?bookId=1&entryId=263,UsePart,"{""UsePart"": ""根""}"
HERB003391,两头尖,https://ydz.chp.org.cn/#/item?bookId=1&entryId=262,UsePart|Properties|Meridians,"{""UsePart"": ""根茎"", ""Properties"": ""辛，热；有毒"", ""Meridians"": ""归脾经""}"
HERB003416,赤芍,https://ydz.chp.org.cn/#/item?bookId=1&entryId=245,UsePart|Properties|Meridians|Function|Indication,"{""UsePart"": ""根"", ""Properties"": ""苦，微寒"", ""Meridians"": ""归肝经"", ""Function"": ""清热凉血，散瘀止痛"", ""Indication"": ""用于热入营血，温毒发斑，吐血衄血，目赤肿痛，肝郁胁痛，经闭痛经，癥瘕腹痛，跌扑损伤，痈肿疮疡。""}"
HERB003395,蓼大青叶,https://ydz.chp.org.cn/#/item?bookId=1&entryId=578,UsePart|Properties|Meridians,"{""UsePart"": ""叶"", ""Properties"": ""苦，寒"", ""Meridians"": ""归心、胃经""}"
HERB003439,凌霄花,https://ydz.chp.org.cn/#/item?bookId=1&entryId=451,UsePart,"{""UsePart"": ""花""}"
HERB003444,灵芝,https://ydz.chp.org.cn/#/item?bookId=1&entryId=290,Function,"{""Function"": ""补气安神，止咳平喘""}"
HERB003478,龙胆,https://ydz.chp.org.cn/#/item?bookId=1&entryId=140,Herb_latin_name|Properties|Meridians|Function,"{""Herb_latin_name"": ""GENTIANAE RADIX ET RHIZOMA"", ""Properties"": ""苦，寒"", ""Meridians"": ""归肝、胆经"", ""Function"": ""清热燥湿，泻肝胆火""}"
HERB003485,龙脷叶,https://ydz.chp.org.cn/#/item?bookId=1&entryId=142,Herb_latin_name|UsePart|Properties|Meridians|Function|Indication,"{""Herb_latin_name"": ""SAUROPI FOLIUM"", ""UsePart"": ""叶"", ""Properties"": ""甘、淡，平"", ""Meridians"": ""归肺、胃经"", ""Function"": ""润肺止咳，通便"", ""Indication"": ""用于肺燥咳嗽，咽痛失音，便秘。""}"
HERB003504,漏芦,https://ydz.chp.org.cn/#/item?bookId=1&entryId=590,Meridians,"{""Meridians"": ""归胃经""}"
HERB003529,鹿角,https://ydz.chp.org.cn/#/item?bookId=1&entryId=508,Indication,"{""Indication"": ""用于肾阳不足，阳痿遗精，腰脊冷痛，阴疽疮疡，乳痈初起，瘀血肿痛。""}"
HERB003531,鹿角胶,https://ydz.chp.org.cn/#/item?bookId=1&entryId=509,Indication,"{""Indication"": ""用于肝肾不足所致的腰膝酸冷，阳痿遗精，虚劳羸瘦，崩漏下血，便血尿血，阴疽肿痛。""}"
HERB003573,罗布麻叶,https://ydz.chp.org.cn/#/item?bookId=1&entryId=327,Herb_latin_name|UsePart|Properties|Meridians|Function|Indication,"{""Herb_latin_name"": ""APOCYNI VENETI FOLIUM"", ""UsePart"": ""叶"", ""Properties"": ""甘、苦，凉"", ""Meridians"": ""归肝经"", ""Function"": ""平肝安神，清热利水"", ""Indication"": ""用于肝阳眩晕，心悸失眠，浮肿尿少。""}"
HERB003636,马鞭草,https://ydz.chp.org.cn/#/item?bookId=1&entryId=74,Properties|Meridians,"{""Properties"": ""苦，凉"", ""Meridians"": ""归肝、脾经""}"
HERB003680,马钱子粉,https://ydz.chp.org.cn/#/item?bookId=1&entryId=73,Properties|Meridians,"{""Properties"": ""苦，温；有大毒"", ""Meridians"": ""归肝、脾经""}"
HERB003730,满山红,https://ydz.chp.org.cn/#/item?bookId=1&entryId=574,Function,"{""Function"": ""止咳祛痰""}"
HERB003837,猫爪草,https://ydz.chp.org.cn/#/item?bookId=1&entryId=505,UsePart,"{""UsePart"": ""块根""}"
HERB003851,梅花,https://ydz.chp.org.cn/#/item?bookId=1&entryId=491,UsePart|Properties|Meridians,"{""UsePart"": ""花蕾"", ""Properties"": ""微酸，平"", ""Meridians"": ""归肝、胃、肺经""}"
HERB003945,马钱子,https://ydz.chp.org.cn/#/item?bookId=1&entryId=72,Properties|Meridians|Function|Indication,"{""Properties"": ""苦，温；有大毒"", ""Meridians"": ""归肝、脾经"", ""Function"": ""通络止痛，散结消肿"", ""Indication"": ""用于跌打损伤，骨折肿痛，风湿顽痹，麻木瘫痪，痈疽疮毒，咽喉肿痛。""}"
HERB003953,绵萆薢,https://ydz.chp.org.cn/#/item?bookId=1&entryId=524,Herb_latin_name|UsePart|Properties|Meridians|Function,"{""Herb_latin_name"": ""DIOSCOREAE SPONGIOSAE RHIZOMA"", ""UsePart"": ""根茎"", ""Properties"": ""苦，平"", ""Meridians"": ""归肾、胃经"", ""Function"": ""利湿去浊，祛风除痹""}"
HERB004009,木鳖子,https://ydz.chp.org.cn/#/item?bookId=1&entryId=94,Herb_latin_name|Properties|Meridians|Function|Indication,"{""Herb_latin_name"": ""MOMORDICAE SEMEN"", ""Properties"": ""苦、微甘，凉；有毒"", ""Meridians"": ""归肝、脾、胃经"", ""Function"": ""散结消肿，攻毒疗疮"", ""Indication"": ""用于疮疡肿毒，乳痈，瘰疬，痔瘘，干癣，秃疮。""}"
HERB004011,木鳖子,https://ydz.chp.org.cn/#/item?bookId=1&entryId=94,Herb_latin_name|Properties|Meridians|Function,"{""Herb_latin_name"": ""MOMORDICAE SEMEN"", ""Properties"": ""苦、微甘，凉；有毒"", ""Meridians"": ""归肝、脾、胃经"", ""Function"": ""散结消肿，攻毒疗疮""}"
HERB004015,母丁香,https://ydz.chp.org.cn/#/item?bookId=1&entryId=183,Indication,"{""Indication"": ""用于脾胃虚寒，呃逆呕吐，食少吐泻，心腹冷痛，肾虚阳痿。""}"
HERB004029,木蝴蝶,https://ydz.chp.org.cn/#/item?bookId=1&entryId=93,Properties|Meridians,"{""Properties"": ""苦、甘，凉"", ""Meridians"": ""归肺、肝、胃经""}"
HERB004040,牡荆叶,https://ydz.chp.org.cn/#/item?bookId=1&entryId=268,UsePart|Properties|Meridians,"{""UsePart"": ""叶"", ""Properties"": ""微苦、辛，平"", ""Meridians"": ""归肺经""}"
HERB004055,木棉花,https://ydz.chp.org.cn/#/item?bookId=1&entryId=92,Function,"{""Function"": ""清热利湿，解毒""}"
HERB004093,南鹤虱,https://ydz.chp.org.cn/#/item?bookId=1&entryId=384,Herb_latin_name|Properties|Meridians|Function,"{""Herb_latin_name"": ""CAROTAE FRUCTUS"", ""Properties"": ""苦、辛，平；有小毒"", ""Meridians"": ""归脾、胃经"", ""Function"": ""杀虫消积""}"
HERB004102,南沙参,https://ydz.chp.org.cn/#/item?bookId=1&entryId=382,UsePart|Properties|Meridians,"{""UsePart"": ""根"", ""Properties"": ""甘，微寒"", ""Meridians"": ""归肺、胃经""}"
HERB004118,南五味子,https://ydz.chp.org.cn/#/item?bookId=1&entryId=381,Herb_latin_name|UsePart|Properties|Meridians|Function|Indication,"{""Herb_latin_name"": ""SCHISANDRAE SPHENANTHERAE FRUCTUS"", ""UsePart"": ""成熟果实"", ""Properties"": ""酸、甘，温"", ""Meridians"": ""归肺、心、肾经"", ""Function"": ""收敛固涩，益气生津，补肾宁心"", ""Indication"": ""用于久嗽虚喘，梦遗滑精，遗尿尿频，久泻不止，自汗盗汗，津伤口渴，内热消渴，心悸失眠。""}"
HERB004129,闹羊花,https://ydz.chp.org.cn/#/item?bookId=1&entryId=350,Properties|Meridians,"{""Properties"": ""辛，温；有大毒"", ""Meridians"": ""归肝经""}"
HERB004242,女贞子,https://ydz.chp.org.cn/#/item?bookId=1&entryId=63,UsePart,"{""UsePart"": ""成熟果实""}"
HERB004251,藕节,https://ydz.chp.org.cn/#/item?bookId=1&entryId=610,UsePart,"{""UsePart"": ""根茎""}"
HERB004317,胖大海,https://ydz.chp.org.cn/#/item?bookId=1&entryId=413,Properties|Meridians,"{""Properties"": ""甘，寒"", ""Meridians"": ""归肺、大肠经""}"
HERB004362,片姜黄,https://ydz.chp.org.cn/#/item?bookId=1&entryId=108,Properties|Meridians,"{""Properties"": ""辛、苦，温"", ""Meridians"": ""归脾、肝经""}"
HERB004366,平贝母,https://ydz.chp.org.cn/#/item?bookId=1&entryId=143,Properties|Meridians,"{""Properties"": ""苦、甘，微寒"", ""Meridians"": ""归肺、心经""}"
HERB004446,茜草,https://ydz.chp.org.cn/#/item?bookId=1&entryId=365,UsePart,"{""UsePart"": ""根""}"
HERB004460,千金子,https://ydz.chp.org.cn/#/item?bookId=1&entryId=48,Properties|Meridians,"{""Properties"": ""辛，温；有毒"", ""Meridians"": ""归肝、肾、大肠经""}"
HERB004462,千里光,https://ydz.chp.org.cn/#/item?bookId=1&entryId=47,Meridians,"{""Meridians"": ""归肺、肝经""}"
HERB004461,千金子霜,https://ydz.chp.org.cn/#/item?bookId=1&entryId=49,Properties|Meridians,"{""Properties"": ""辛，温；有毒"", ""Meridians"": ""归肝、肾、大肠经""}"
HERB004468,千年健,https://ydz.chp.org.cn/#/item?bookId=1&entryId=46,UsePart,"{""UsePart"": ""根茎""}"
HERB004518,青风藤,https://ydz.chp.org.cn/#/item?bookId=1&entryId=300,Herb_latin_name|UsePart|Properties|Meridians|Function,"{""Herb_latin_name"": ""SINOMENII CAULIS"", ""UsePart"": ""藤茎"", ""Properties"": ""苦、辛，平"", ""Meridians"": ""归肝、脾经"", ""Function"": ""祛风湿，通经络，利小便""}"
HERB004527,苘麻子,https://ydz.chp.org.cn/#/item?bookId=1&entryId=315,Properties|Meridians,"{""Properties"": ""苦，平"", ""Meridians"": ""归大肠、小肠、膀胱经""}"
HERB004519,青果,https://ydz.chp.org.cn/#/item?bookId=1&entryId=303,Herb_latin_name|UsePart|Properties|Meridians|Function,"{""Herb_latin_name"": ""CANARII FRUCTUS"", ""UsePart"": ""成熟果实"", ""Properties"": ""甘、酸，平"", ""Meridians"": ""归肺、胃经"", ""Function"": ""清热解毒，利咽，生津""}"
HERB004534,青皮,https://ydz.chp.org.cn/#/item?bookId=1&entryId=302,UsePart,"{""UsePart"": ""果实""}"
HERB004543,青葙子,https://ydz.chp.org.cn/#/item?bookId=1&entryId=304,Herb_latin_name|Properties|Meridians|Function,"{""Herb_latin_name"": ""CELOSIAE SEMEN"", ""Properties"": ""苦，微寒"", ""Meridians"": ""归肝经"", ""Function"": ""清肝泻火，明目退翳""}"
HERB004572,当归,https://ydz.chp.org.cn/#/item?bookId=1&entryId=204,UsePart|Properties|Meridians|Function|Indication,"{""UsePart"": ""根"", ""Properties"": ""甘、辛，温"", ""Meridians"": ""归肝、心、脾经"", ""Function"": ""补血活血，调经止痛，润肠通便"", ""Indication"": ""用于血虚萎黄，眩晕心悸，月经不调，经闭痛经，虚寒腹痛，风湿痹痛，跌扑损伤，痈疽疮疡，肠燥便秘。酒当归活血通经。用于经闭痛经，风湿痹痛，跌扑损伤。""}"
HERB004596,川芎,https://ydz.chp.org.cn/#/item?bookId=1&entryId=56,Herb_latin_name|UsePart|Properties|Meridians|Function|Indication,"{""Herb_latin_name"": ""CHUANXIONG RHIZOMA"", ""UsePart"": ""根茎"", ""Properties"": ""辛，温"", ""Meridians"": ""归肝、胆、心包经"", ""Function"": ""活血行气，祛风止痛"", ""Indication"": ""用于胸痹心痛，胸胁刺痛，跌扑肿痛，月经不调，经闭痛经，癥瘕腹痛，头痛，风湿痹痛。""}"
HERB004606,人工牛黄,https://ydz.chp.org.cn/#/item?bookId=1&entryId=5,Indication,"{""Indication"": ""用于痰热谵狂，神昏不语，小儿急惊风，咽喉肿痛，口舌生疮，痈肿疔疮。""}"
HERB004616,人参叶,https://ydz.chp.org.cn/#/item?bookId=1&entryId=7,Properties|Meridians,"{""Properties"": ""苦、甘，寒"", ""Meridians"": ""归肺、胃经""}"
HERB004734,蕤仁,https://ydz.chp.org.cn/#/item?bookId=1&entryId=592,Properties|Meridians,"{""Properties"": ""甘，微寒"", ""Meridians"": ""归肝经""}"
HERB004752,三白草,https://ydz.chp.org.cn/#/item?bookId=1&entryId=13,Properties|Meridians,"{""Properties"": ""甘、辛，寒"", ""Meridians"": ""归肺、膀胱经""}"
HERB004773,三颗针,https://ydz.chp.org.cn/#/item?bookId=1&entryId=15,Meridians|Indication,"{""Meridians"": ""归肝、胃、大肠经"", ""Indication"": ""用于湿热泻痢，黄疸，湿疹，咽痛目赤，聤耳流脓，痈肿疮毒。""}"
HERB004843,马钱子,https://ydz.chp.org.cn/#/item?bookId=1&entryId=72,Properties|Meridians|Function|Indication,"{""Properties"": ""苦，温；有大毒"", ""Meridians"": ""归肝、脾经"", ""Function"": ""通络止痛，散结消肿"", ""Indication"": ""用于跌打损伤，骨折肿痛，风湿顽痹，麻木瘫痪，痈疽疮毒，咽喉肿痛。""}"
HERB004822,桑白皮,https://ydz.chp.org.cn/#/item?bookId=1&entryId=472,Herb_latin_name|UsePart|Properties|Meridians|Function,"{""Herb_latin_name"": ""MORI CORTEX"", ""UsePart"": ""根皮"", ""Properties"": ""甘，寒"", ""Meridians"": ""归肺经"", ""Function"": ""泻肺平喘，利水消肿""}"
HERB004849,沙棘,https://ydz.chp.org.cn/#/item?bookId=1&entryId=285,UsePart|Function|Indication,"{""UsePart"": ""成熟果实"", ""Function"": ""健脾消食，止咳祛痰，活血散瘀"", ""Indication"": ""用于脾虚食少，食积腹痛，咳嗽痰多，胸痹心痛，瘀血经闭，跌扑瘀肿。""}"
HERB004874,山慈菇,https://ydz.chp.org.cn/#/item?bookId=1&entryId=45,Properties|Meridians,"{""Properties"": ""甘、微辛，凉"", ""Meridians"": ""归肝、脾经""}"
HERB004909,山麦冬,https://ydz.chp.org.cn/#/item?bookId=1&entryId=36,Properties|Meridians,"{""Properties"": ""甘、微苦，微寒"", ""Meridians"": ""归心、肺、胃经""}"
HERB004910,山麦冬,https://ydz.chp.org.cn/#/item?bookId=1&entryId=36,Properties|Meridians,"{""Properties"": ""甘、微苦，微寒"", ""Meridians"": ""归心、肺、胃经""}"
HERB004954,桑白皮,https://ydz.chp.org.cn/#/item?bookId=1&entryId=472,Herb_latin_name|UsePart|Properties|Meridians|Function|Indication,"{""Herb_latin_name"": ""MORI CORTEX"", ""UsePart"": ""根皮"", ""Properties"": ""甘，寒"", ""Meridians"": ""归肺经"", ""Function"": ""泻肺平喘，利水消肿"", ""Indication"": ""用于肺热喘咳，水肿胀满尿少，面目肌肤浮肿。""}"
HERB004948,山楂叶,https://ydz.chp.org.cn/#/item?bookId=1&entryId=44,Herb_latin_name|Properties|Meridians|Function,"{""Herb_latin_name"": ""CRATAEGI FOLIUM"", ""Properties"": ""酸，平"", ""Meridians"": ""归肝经"", ""Function"": ""活血化瘀，理气通脉，化浊降脂""}"
HERB004993,穿心莲,https://ydz.chp.org.cn/#/item?bookId=1&entryId=423,UsePart|Properties|Meridians|Function|Indication,"{""UsePart"": ""地上部分"", ""Properties"": ""苦，寒"", ""Meridians"": ""归心、肺、大肠、膀胱经"", ""Function"": ""清热解毒，凉血，消肿"", ""Indication"": ""用于感冒发热，咽喉肿痛，口舌生疮，顿咳劳嗽，泄泻痢疾，热淋涩痛，痈肿疮疡，蛇虫咬伤。""}"
HERB004998,伸筋草,https://ydz.chp.org.cn/#/item?bookId=1&entryId=273,UsePart,"{""UsePart"": ""全草""}"
HERB005042,石吊兰,https://ydz.chp.org.cn/#/item?bookId=1&entryId=132,Properties|Meridians,"{""Properties"": ""苦，温"", ""Meridians"": ""归肺经""}"
HERB005054,石斛,https://ydz.chp.org.cn/#/item?bookId=1&entryId=135,Properties|Meridians,"{""Properties"": ""甘，微寒"", ""Meridians"": ""归胃、肾经""}"
HERB005055,石斛,https://ydz.chp.org.cn/#/item?bookId=1&entryId=135,Properties|Meridians,"{""Properties"": ""甘，微寒"", ""Meridians"": ""归胃、肾经""}"
HERB005088,当归,https://ydz.chp.org.cn/#/item?bookId=1&entryId=204,UsePart|Properties|Meridians|Function|Indication,"{""UsePart"": ""根"", ""Properties"": ""甘、辛，温"", ""Meridians"": ""归肝、心、脾经"", ""Function"": ""补血活血，调经止痛，润肠通便"", ""Indication"": ""用于血虚萎黄，眩晕心悸，月经不调，经闭痛经，虚寒腹痛，风湿痹痛，跌扑损伤，痈疽疮疡，肠燥便秘。酒当归活血通经。用于经闭痛经，风湿痹痛，跌扑损伤。""}"
HERB005092,石韦,https://ydz.chp.org.cn/#/item?bookId=1&entryId=131,Herb_latin_name|UsePart|Properties|Meridians|Function,"{""Herb_latin_name"": ""PYRROSIAE FOLIUM"", ""UsePart"": ""叶"", ""Properties"": ""甘、苦，微寒"", ""Meridians"": ""归肺、膀胱经"", ""Function"": ""利尿通淋，清肺止咳，凉血止血""}"
HERB005165,水红花子,https://ydz.chp.org.cn/#/item?bookId=1&entryId=121,UsePart|Properties|Meridians,"{""UsePart"": ""成熟果实"", ""Properties"": ""咸，微寒"", ""Meridians"": ""归肝、胃经""}"
HERB005162,水飞蓟,https://ydz.chp.org.cn/#/item?bookId=1&entryId=119,Herb_latin_name|Properties|Meridians|Function,"{""Herb_latin_name"": ""SILYBI FRUCTUS"", ""Properties"": ""苦，凉"", ""Meridians"": ""归肝、胆经"", ""Function"": ""清热解毒，疏肝利胆""}"
HERB005183,水牛角,https://ydz.chp.org.cn/#/item?bookId=1&entryId=120,Properties|Meridians,"{""Properties"": ""苦，寒"", ""Meridians"": ""归心、肝经""}"
HERB005222,丝瓜络,https://ydz.chp.org.cn/#/item?bookId=1&entryId=184,Properties|Meridians,"{""Properties"": ""甘，平"", ""Meridians"": ""归肺、胃、肝经""}"
HERB005258,松花粉,https://ydz.chp.org.cn/#/item?bookId=1&entryId=318,Herb_latin_name|UsePart|Properties|Meridians|Function,"{""Herb_latin_name"": ""PINI POLLEN"", ""UsePart"": ""花"", ""Properties"": ""甘，温"", ""Meridians"": ""归肝、脾经"", ""Function"": ""收敛止血，燥湿敛疮""}"
HERB005335,娑罗子,https://ydz.chp.org.cn/#/item?bookId=1&entryId=460,Properties|Meridians,"{""Properties"": ""甘，温"", ""Meridians"": ""归肝、胃经""}"
HERB005390,太子参,https://ydz.chp.org.cn/#/item?bookId=1&entryId=98,UsePart,"{""UsePart"": ""块根""}"
HERB005415,桃枝,https://ydz.chp.org.cn/#/item?bookId=1&entryId=438,Properties|Meridians,"{""Properties"": ""苦，平"", ""Meridians"": ""归心、肝经""}"
HERB005434,天冬,https://ydz.chp.org.cn/#/item?bookId=1&entryId=78,UsePart,"{""UsePart"": ""块根""}"
HERB005447,天葵子,https://ydz.chp.org.cn/#/item?bookId=1&entryId=84,UsePart,"{""UsePart"": ""块根""}"
HERB005442,甜瓜子,https://ydz.chp.org.cn/#/item?bookId=1&entryId=501,Function|Indication,"{""Function"": ""清肺，润肠，化瘀，排脓，疗伤止痛"", ""Indication"": ""用于肺热咳嗽，便秘，肺痈，肠痈，跌打损伤，筋骨折伤。""}"
HERB005471,天山雪莲,https://ydz.chp.org.cn/#/item?bookId=1&entryId=76,Herb_latin_name|UsePart|Function|Indication,"{""Herb_latin_name"": ""SAUSSUREAE INVOLUCRATAE HERBA"", ""UsePart"": ""地上部分"", ""Function"": ""维吾尔医：补肾活血，强筋骨，营养神经，调节异常体液"", ""Indication"": ""用于风湿性关节炎，关节疼痛，肺寒咳嗽，肾与小腹冷痛，白带过多等。 中医：温肾助阳，祛风胜湿，通经活血。用于风寒湿痹痛、类风湿性关节炎，小腹冷痛，月经不调。""}"
HERB005485,天竺黄,https://ydz.chp.org.cn/#/item?bookId=1&entryId=80,Indication,"{""Indication"": ""用于热病神昏，中风痰迷，小儿痰热惊痫、抽搐、夜啼。""}"
HERB005502,铁皮石斛,https://ydz.chp.org.cn/#/item?bookId=1&entryId=445,Properties|Meridians,"{""Properties"": ""甘，微寒"", ""Meridians"": ""归胃、肾经""}"
HERB005523,通草,https://ydz.chp.org.cn/#/item?bookId=1&entryId=469,UsePart,"{""UsePart"": ""茎""}"
HERB005526,通关藤,https://ydz.chp.org.cn/#/item?bookId=1&entryId=468,Properties|Meridians,"{""Properties"": ""苦，微寒"", ""Meridians"": ""归肺经""}"
HERB005532,山楂,https://ydz.chp.org.cn/#/item?bookId=1&entryId=43,Properties|Meridians,"{""Properties"": ""酸、甘，微温"", ""Meridians"": ""归脾、胃、肝经""}"
HERB005548,土贝母,https://ydz.chp.org.cn/#/item?bookId=1&entryId=20,UsePart,"{""UsePart"": ""块茎""}"
HERB005569,土荆皮,https://ydz.chp.org.cn/#/item?bookId=1&entryId=21,Herb_latin_name|UsePart|Properties|Meridians|Function,"{""Herb_latin_name"": ""PSEUDOLARICIS CORTEX"", ""UsePart"": ""根皮"", ""Properties"": ""辛，温；有毒"", ""Meridians"": ""归肺、脾经"", ""Function"": ""杀虫，疗癣，止痒""}"
HERB005615,贯叶金丝桃,https://ydz.chp.org.cn/#/item?bookId=1&entryId=358,UsePart|Properties|Meridians|Function|Indication,"{""UsePart"": ""地上部分"", ""Properties"": ""辛，寒"", ""Meridians"": ""归肝经"", ""Function"": ""疏肝解郁，清热利湿，消肿通乳"", ""Indication"": ""用于肝气郁结，情志不畅，心胸郁闷，关节肿痛，乳痈，乳少。""}"
HERB005609,瓦松,https://ydz.chp.org.cn/#/item?bookId=1&entryId=101,Herb_latin_name|UsePart|Properties|Meridians|Function|Indication,"{""Herb_latin_name"": ""OROSTACHYIS FIMBRIATAE HERBA"", ""UsePart"": ""地上部分"", ""Properties"": ""酸、苦，凉"", ""Meridians"": ""归肝、肺、脾经"", ""Function"": ""凉血止血，解毒，敛疮"", ""Indication"": ""用于血痢，便血，痔血，疮口久不愈合。""}"
HERB005658,委陵菜,https://ydz.chp.org.cn/#/item?bookId=1&entryId=331,Properties|Meridians,"{""Properties"": ""苦，寒"", ""Meridians"": ""归肝、大肠经""}"
HERB005708,蜈蚣,https://ydz.chp.org.cn/#/item?bookId=1&entryId=567,Properties|Meridians,"{""Properties"": ""辛，温；有毒"", ""Meridians"": ""归肝经""}"
HERB005673,益母草,https://ydz.chp.org.cn/#/item?bookId=1&entryId=457,UsePart|Properties|Meridians|Function|Indication,"{""UsePart"": ""地上部分"", ""Properties"": ""苦、辛，微寒"", ""Meridians"": ""归肝、心包、膀胱经"", ""Function"": ""活血调经，利尿消肿，清热解毒"", ""Indication"": ""用于月经不调，痛经经闭，恶露不尽，水肿尿少，疮疡肿毒。""}"
HERB005749,巫山淫羊藿,https://ydz.chp.org.cn/#/item?bookId=1&entryId=260,Properties|Meridians,"{""Properties"": ""辛、甘，温"", ""Meridians"": ""归肝、肾经""}"
HERB005889,豨莶草,https://ydz.chp.org.cn/#/item?bookId=1&entryId=585,Herb_latin_name|UsePart|Properties|Meridians|Function|Indication,"{""Herb_latin_name"": ""SIEGESBECKIAE HERBA"", ""UsePart"": ""地上部分"", ""Properties"": ""辛、苦，寒"", ""Meridians"": ""归肝、肾经"", ""Function"": ""祛风湿，利关节，解毒"", ""Indication"": ""用于风湿痹痛，筋骨无力，腰膝酸软，四肢麻痹，半身不遂，风疹湿疮。""}"
HERB005937,前胡,https://ydz.chp.org.cn/#/item?bookId=1&entryId=418,UsePart|Properties|Meridians|Function|Indication,"{""UsePart"": ""根"", ""Properties"": ""苦、辛，微寒"", ""Meridians"": ""归肺经"", ""Function"": ""降气化痰，散风清热"", ""Indication"": ""用于痰热喘满，咯痰黄稠，风热咳嗽痰多。""}"
HERB005945,夏天无,https://ydz.chp.org.cn/#/item?bookId=1&entryId=440,Properties|Meridians,"{""Properties"": ""苦、微辛，温"", ""Meridians"": ""归肝经""}"
HERB006026,香加皮,https://ydz.chp.org.cn/#/item?bookId=1&entryId=405,Herb_latin_name|UsePart|Properties|Meridians|Function,"{""Herb_latin_name"": ""PERIPLOCAE CORTEX"", ""UsePart"": ""根皮"", ""Properties"": ""辛、苦，温；有毒"", ""Meridians"": ""归肝、肾、心经"", ""Function"": ""利水消肿，祛风湿，强筋骨""}"
HERB006045,香薷,https://ydz.chp.org.cn/#/item?bookId=1&entryId=408,Meridians,"{""Meridians"": ""归肺、胃经""}"
HERB006055,香橼,https://ydz.chp.org.cn/#/item?bookId=1&entryId=407,UsePart|Properties|Meridians|Function|Indication,"{""UsePart"": ""成熟果实"", ""Properties"": ""辛、苦、酸，温"", ""Meridians"": ""归肝、脾、肺经"", ""Function"": ""疏肝理气，宽中，化痰"", ""Indication"": ""用于肝胃气滞，胸胁胀痛，脘腹痞满，呕吐噫气，痰多咳嗽。""}"
HERB006061,香橼,https://ydz.chp.org.cn/#/item?bookId=1&entryId=407,Herb_latin_name|UsePart|Properties|Meridians|Function,"{""Herb_latin_name"": ""CITRI FRUCTUS"", ""UsePart"": ""成熟果实"", ""Properties"": ""辛、苦、酸，温"", ""Meridians"": ""归肝、脾、肺经"", ""Function"": ""疏肝理气，宽中，化痰""}"
HERB006068,香附,https://ydz.chp.org.cn/#/item?bookId=1&entryId=406,Herb_latin_name|UsePart|Properties|Meridians|Function|Indication,"{""Herb_latin_name"": ""CYPERI RHIZOMA"", ""UsePart"": ""根茎"", ""Properties"": ""辛、微苦、微甘，平"", ""Meridians"": ""归肝、脾、三焦经"", ""Function"": ""疏肝解郁，理气宽中，调经止痛"", ""Indication"": ""用于肝郁气滞，胸胁胀痛，疝气疼痛，乳房胀痛，脾胃气滞，脘腹痞闷，胀满疼痛，月经不调，经闭痛经。""}"
HERB006121,小茴香,https://ydz.chp.org.cn/#/item?bookId=1&entryId=66,UsePart,"{""UsePart"": ""成熟果实""}"
HERB006151,小通草,https://ydz.chp.org.cn/#/item?bookId=1&entryId=67,UsePart|Properties|Meridians,"{""UsePart"": ""茎"", ""Properties"": ""甘、淡，寒"", ""Meridians"": ""归肺、胃经""}"
HERB006228,辛夷,https://ydz.chp.org.cn/#/item?bookId=1&entryId=282,Herb_latin_name|UsePart|Properties|Meridians|Function,"{""Herb_latin_name"": ""MAGNOLIAE FLOS"", ""UsePart"": ""花蕾"", ""Properties"": ""辛，温"", ""Meridians"": ""归肺、胃经"", ""Function"": ""散风寒，通鼻窍""}"
HERB006278,玄明粉,https://ydz.chp.org.cn/#/item?bookId=1&entryId=175,Properties|Meridians,"{""Properties"": ""咸、苦，寒"", ""Meridians"": ""归胃、大肠经""}"
HERB006310,鸦胆子,https://ydz.chp.org.cn/#/item?bookId=1&entryId=399,Properties|Meridians,"{""Properties"": ""苦，寒；有小毒"", ""Meridians"": ""归大肠、肝经""}"
HERB006326,亚麻子,https://ydz.chp.org.cn/#/item?bookId=1&entryId=196,Properties|Meridians,"{""Properties"": ""甘，平"", ""Meridians"": ""归肺、肝、大肠经""}"
HERB006336,鸭跖草,https://ydz.chp.org.cn/#/item?bookId=1&entryId=444,UsePart|Properties|Meridians,"{""UsePart"": ""地上部分"", ""Properties"": ""甘、淡，寒"", ""Meridians"": ""归肺、胃、小肠经""}"
HERB006342,岩白菜,https://ydz.chp.org.cn/#/item?bookId=1&entryId=326,Properties|Meridians,"{""Properties"": ""苦、涩，平"", ""Meridians"": ""归肺、肝、脾经""}"
HERB006335,鸭跖草,https://ydz.chp.org.cn/#/item?bookId=1&entryId=444,UsePart|Properties|Meridians,"{""UsePart"": ""地上部分"", ""Properties"": ""甘、淡，寒"", ""Meridians"": ""归肺、胃、小肠经""}"
HERB006476,野木瓜,https://ydz.chp.org.cn/#/item?bookId=1&entryId=495,Properties|Meridians,"{""Properties"": ""微苦，平"", ""Meridians"": ""归肝、胃经""}"
HERB006508,伊贝母,https://ydz.chp.org.cn/#/item?bookId=1&entryId=217,Properties|Meridians,"{""Properties"": ""苦、甘，微寒"", ""Meridians"": ""归肺、心经""}"
HERB006571,一枝黄花,https://ydz.chp.org.cn/#/item?bookId=1&entryId=1,Herb_latin_name|UsePart|Properties|Meridians|Function,"{""Herb_latin_name"": ""SOLIDAGINIS HERBA"", ""UsePart"": ""全草"", ""Properties"": ""辛、苦，凉"", ""Meridians"": ""归肺、肝经"", ""Function"": ""清热解毒，疏散风热""}"
HERB006569,益智,https://ydz.chp.org.cn/#/item?bookId=1&entryId=458,Herb_latin_name|UsePart|Properties|Meridians|Function|Indication,"{""Herb_latin_name"": ""ALPINIAE OXYPHYLLAE FRUCTUS"", ""UsePart"": ""成熟果实"", ""Properties"": ""辛，温"", ""Meridians"": ""归脾、肾经"", ""Function"": ""暖肾固精缩尿，温脾止泻摄唾"", ""Indication"": ""用于肾虚遗尿，小便频数，遗精白浊，脾寒泄泻，腹中冷痛，口多唾涎。""}"
HERB006586,茵陈,https://ydz.chp.org.cn/#/item?bookId=1&entryId=373,UsePart,"{""UsePart"": ""地上部分""}"
HERB006633,淫羊藿,https://ydz.chp.org.cn/#/item?bookId=1&entryId=517,Herb_latin_name|UsePart|Properties|Meridians|Function,"{""Herb_latin_name"": ""EPIMEDII FOLIUM"", ""UsePart"": ""叶"", ""Properties"": ""辛、甘，温"", ""Meridians"": ""归肝、肾经"", ""Function"": ""补肾阳，强筋骨，祛风湿""}"
HERB006632,银杏叶,https://ydz.chp.org.cn/#/item?bookId=1&entryId=499,Herb_latin_name|UsePart|Properties|Meridians|Function|Indication,"{""Herb_latin_name"": ""GINKGO FOLIUM"", ""UsePart"": ""叶"", ""Properties"": ""甘、苦、涩，平"", ""Meridians"": ""归心、肺经"", ""Function"": ""活血化瘀，通络止痛，敛肺平喘，化浊降脂"", ""Indication"": ""用于瘀血阻络，胸痹心痛，中风偏瘫，肺虚咳喘，高脂血症。""}"
HERB006658,银杏叶,https://ydz.chp.org.cn/#/item?bookId=1&entryId=499,Herb_latin_name|UsePart|Properties|Meridians|Function|Indication,"{""Herb_latin_name"": ""GINKGO FOLIUM"", ""UsePart"": ""叶"", ""Properties"": ""甘、苦、涩，平"", ""Meridians"": ""归心、肺经"", ""Function"": ""活血化瘀，通络止痛，敛肺平喘，化浊降脂"", ""Indication"": ""用于瘀血阻络，胸痹心痛，中风偏瘫，肺虚咳喘，高脂血症。""}"
HERB006714,余甘子,https://ydz.chp.org.cn/#/item?bookId=1&entryId=277,UsePart,"{""UsePart"": ""成熟果实""}"
HERB006750,禹余粮,https://ydz.chp.org.cn/#/item?bookId=1&entryId=411,Properties|Meridians,"{""Properties"": ""甘、涩，微寒"", ""Meridians"": ""归胃、大肠经""}"
HERB006753,禹州漏芦,https://ydz.chp.org.cn/#/item?bookId=1&entryId=410,UsePart|Properties|Meridians,"{""UsePart"": ""根"", ""Properties"": ""苦，寒"", ""Meridians"": ""归胃经""}"
HERB006752,预知子,https://ydz.chp.org.cn/#/item?bookId=1&entryId=470,Properties|Meridians,"{""Properties"": ""苦，寒"", ""Meridians"": ""归肝、胆、胃、膀胱经""}"
HERB006811,月季花,https://ydz.chp.org.cn/#/item?bookId=1&entryId=110,Meridians,"{""Meridians"": ""归肝经""}"
HERB006860,云芝,https://ydz.chp.org.cn/#/item?bookId=1&entryId=86,UsePart|Meridians|Function|Indication,"{""UsePart"": ""子实体"", ""Meridians"": ""归心、脾、肝、肾经"", ""Function"": ""健脾利湿，清热解毒"", ""Indication"": ""用于湿热黄疸，胁痛，纳差，倦怠乏力。""}"
HERB006995,炙红芪,https://ydz.chp.org.cn/#/item?bookId=1&entryId=235,Properties|Meridians,"{""Properties"": ""甘，温"", ""Meridians"": ""归肺、脾经""}"
HERB006985,制川乌,https://ydz.chp.org.cn/#/item?bookId=1&entryId=55,Properties|Meridians,"{""Properties"": ""辛、苦，热；有毒"", ""Meridians"": ""归心、肝、肾、脾经""}"
HERB007044,蜘蛛香,https://ydz.chp.org.cn/#/item?bookId=1&entryId=586,Properties|Meridians,"{""Properties"": ""微苦、辛，温"", ""Meridians"": ""归心、脾、胃经""}"
HERB007081,钟乳石,https://ydz.chp.org.cn/#/item?bookId=1&entryId=403,Properties|Meridians,"{""Properties"": ""甘，温"", ""Meridians"": ""归肺、肾、胃经""}"
HERB007079,肿节风,https://ydz.chp.org.cn/#/item?bookId=1&entryId=346,UsePart|Properties|Meridians,"{""UsePart"": ""全草"", ""Properties"": ""苦、辛，平"", ""Meridians"": ""归心、肝经""}"
HERB007108,竹节参,https://ydz.chp.org.cn/#/item?bookId=1&entryId=212,Herb_latin_name|UsePart|Properties|Meridians|Function|Indication,"{""Herb_latin_name"": ""PANACIS JAPONICI RHIZOMA"", ""UsePart"": ""根茎"", ""Properties"": ""甘、微苦，温"", ""Meridians"": ""归肝、脾、肺经"", ""Function"": ""散瘀止血，消肿止痛，祛痰止咳，补虚强壮"", ""Indication"": ""用于痨嗽咯血，跌扑损伤，咳嗽痰多，病后虚弱。""}"
HERB007119,朱砂根,https://ydz.chp.org.cn/#/item?bookId=1&entryId=211,Properties|Meridians,"{""Properties"": ""微苦、辛，平"", ""Meridians"": ""归肺、肝经""}"
HERB007127,猪牙皂,https://ydz.chp.org.cn/#/item?bookId=1&entryId=502,Properties|Meridians,"{""Properties"": ""辛、咸，温；有小毒"", ""Meridians"": ""归肺、大肠经""}"
HERB007136,珠子参,https://ydz.chp.org.cn/#/item?bookId=1&entryId=427,Properties|Meridians,"{""Properties"": ""苦、甘，微寒"", ""Meridians"": ""归肝、肺、胃经""}"
HERB007180,紫花前胡,https://ydz.chp.org.cn/#/item?bookId=1&entryId=536,Herb_latin_name|UsePart|Properties|Meridians|Function|Indication,"{""Herb_latin_name"": ""PEUCEDANI DECURSIVI RADIX"", ""UsePart"": ""根"", ""Properties"": ""苦、辛，微寒"", ""Meridians"": ""归肺经"", ""Function"": ""降气化痰，散风清热"", ""Indication"": ""用于痰热喘满，咯痰黄稠，风热咳嗽痰多。""}"
HERB007206,紫石英,https://ydz.chp.org.cn/#/item?bookId=1&entryId=534,Properties|Meridians,"{""Properties"": ""甘，温"", ""Meridians"": ""归肾、心、肺经""}"
HERB007213,紫苏子,https://ydz.chp.org.cn/#/item?bookId=1&entryId=537,UsePart|Properties|Meridians,"{""UsePart"": ""成熟果实"", ""Properties"": ""辛，温"", ""Meridians"": ""归肺经""}"
HERB007210,紫苏梗,https://ydz.chp.org.cn/#/item?bookId=1&entryId=539,Properties|Meridians,"{""Properties"": ""辛，温"", ""Meridians"": ""归肺、脾经""}"
HERB007244,棕榈,https://ydz.chp.org.cn/#/item?bookId=1&entryId=531,Properties|Meridians,"{""Properties"": ""苦、涩，平"", ""Meridians"": ""归肺、肝、大肠经""}"
